Date,Title,URL,Has Alignment,Turkey,North Macedonia,Montenegro,Serbia,Albania,Ukraine,Moldova,Bosnia and Herzegovina,Georgia,Iceland,Liechtenstein,Norway,Armenia,Azerbaijan,Andorra,Monaco,San Marino,UK
2026-06-09,"EU Statement – UN Interactive Multi-Stakeholder Hearing as Part of the Preparatory Process for the High-Level Meeting on Pandemic Prevention, Preparedness and Response",https://www.eeas.europa.eu/delegations/un-new-york/eu-statement-%E2%80%93-un-interactive-multi-stakeholder-hearing-part-preparatory-process-high-level-meeting_en,False,False,False,False,False,False,False,False,False,False,False,False,False,False,False,False,False,False,False
2026-06-08,EU Statement – UN General Assembly: High-Level Debate on Illicit Trafficking in Wildlife,https://www.eeas.europa.eu/delegations/un-new-york/eu-statement-%E2%80%93-un-general-assembly-high-level-debate-illicit-trafficking-wildlife_en,True,False,True,True,False,True,True,True,True,True,False,False,False,True,False,True,False,True,False
2026-06-08,EU Statement – UN Security Council: Ukraine,https://www.eeas.europa.eu/delegations/un-new-york/eu-statement-%E2%80%93-un-security-council-ukraine-13_en,True,False,True,True,False,True,True,True,True,True,False,False,False,False,False,True,True,False,False
2026-06-06,"EU Statement – Joint Meeting of the Executive Board of UNDP/UNFPA/UNOPS, UNICEF, UN WOMEN, WFP",https://www.eeas.europa.eu/delegations/un-new-york/eu-statement-%E2%80%93-joint-meeting-executive-board-undpunfpaunops-unicef-un-women-wfp_en,False,False,False,False,False,False,False,False,False,False,False,False,False,False,False,False,False,False,False
2026-06-05,EU Statement – UN General Assembly: World Environment Day 2026,https://www.eeas.europa.eu/delegations/un-new-york/eu-statement-%E2%80%93-un-general-assembly-world-environment-day-2026_en,False,False,False,False,False,False,False,False,False,False,False,False,False,False,False,False,False,False,False
2026-06-04,"EU Statement – UN General Assembly: Protracted conflicts in the GUAM area and their implications for international peace, security and development",https://www.eeas.europa.eu/delegations/un-new-york/eu-statement-%E2%80%93-un-general-assembly-protracted-conflicts-guam-area-and-their-implications-0_en,True,False,True,True,False,True,True,True,True,False,False,False,False,False,False,True,False,True,False
2026-06-04,EU Explanation of Vote: UN General Assembly: Draft resolution on Global health and foreign policy,https://www.eeas.europa.eu/delegations/un-new-york/eu-explanation-vote-un-general-assembly-draft-resolution-global-health-and-foreign-policy_en,False,False,False,False,False,False,False,False,False,False,False,False,False,False,False,False,False,False,False
2026-06-04,"EU Statement - Meeting of the Open-Ended Technical Expert Group on developments in small arms and light weapons: Opportunities presented by developments in the manufacturing, technology and design",https://www.eeas.europa.eu/delegations/un-new-york/eu-statement-meeting-open-ended-technical-expert-group-developments-small-arms-and-light-weapons_en,True,False,True,True,True,True,True,True,True,True,True,False,False,False,False,False,False,False,False
2026-06-04,"EU Statement - ECOSOC Operational Activities Segment: Improving UNDS Governance, oversight and coordination",https://www.eeas.europa.eu/delegations/un-new-york/eu-statement-ecosoc-operational-activities-segment-improving-unds-governance-oversight-and_en,False,False,False,False,False,False,False,False,False,False,False,False,False,False,False,False,False,False,False
2026-06-04,"EU Statement - ECOSOC Operational Activities Segment: Dialogue with Host Governments, RCs and UNCTs",https://www.eeas.europa.eu/delegations/un-new-york/eu-statement-ecosoc-operational-activities-segment-dialogue-host-governments-rcs-and-uncts_en,False,False,False,False,False,False,False,False,False,False,False,False,False,False,False,False,False,False,False
2026-06-03,EU Statement – UN General Assembly: Criteria and modalities for review of existing stock of GA mandates,https://www.eeas.europa.eu/delegations/un-new-york/eu-statement-%E2%80%93-un-general-assembly-criteria-and-modalities-review-existing-stock-ga-mandates_en,False,False,False,False,False,False,False,False,False,False,False,False,False,False,False,False,False,False,False
2026-06-03,EU Statement - ECOSOC Operational Activities Segment: Dialogue on UN development system funding,https://www.eeas.europa.eu/delegations/un-new-york/eu-statement-ecosoc-operational-activities-segment-dialogue-un-development-system-funding_en,False,False,False,False,False,False,False,False,False,False,False,False,False,False,False,False,False,False,False
2026-06-03,EU Statement - ECOSOC Operational Activities Segment: Dialogue with UNDS Executive Heads,https://www.eeas.europa.eu/delegations/un-new-york/eu-statement-ecosoc-operational-activities-segment-dialogue-unds-executive-heads_en,False,False,False,False,False,False,False,False,False,False,False,False,False,False,False,False,False,False,False
2026-06-03,EU Statement – UNDP Annual Meeting on Rule of Law and Human Rights,https://www.eeas.europa.eu/delegations/un-new-york/eu-statement-%E2%80%93-undp-annual-meeting-rule-law-and-human-rights_en,False,False,False,False,False,False,False,False,False,False,False,False,False,False,False,False,False,False,False
2026-06-02,EU Statement – 9th Biennial Meeting of States on Small Arms and Light Weapons: Implementation of the Programme of Action: Implementation of the Programme of Action,https://www.eeas.europa.eu/delegations/un-new-york/eu-statement-%E2%80%93-9th-biennial-meeting-states-small-arms-and-light-weapons-implementation-programme_en,True,False,True,True,False,True,True,True,True,True,True,False,False,False,False,False,False,False,False
2026-06-02,EU Statement – 9th Biennial Meeting of States on Small Arms and Light Weapons: Implementation of the Programme of Action: International cooperation and assistance,https://www.eeas.europa.eu/delegations/un-new-york/eu-statement-%E2%80%93-9th-biennial-meeting-states-small-arms-and-light-weapons-implementation-programme-0_en,True,False,True,True,True,True,True,True,True,True,True,False,False,False,False,False,False,False,False
2026-06-02,EU Statement - ECOSOC: Operational Activities Segment High-level Dialogue with the Secretary-General on his report on the Implementation of General Assembly resolution 79/226,https://www.eeas.europa.eu/delegations/un-new-york/eu-statement-ecosoc-operational-activities-segment-high-level-dialogue-secretary-general-his-report_en,False,False,False,False,False,False,False,False,False,False,False,False,False,False,False,False,False,False,False
2026-06-02,EU Statement - ECOSOC: Operational Activities Segment     Dialogue with the Deputy Secretary-General on the UNSDG Chair’s report on the Development Coordination Office and the Resident Coordinator system,https://www.eeas.europa.eu/delegations/un-new-york/eu-statement-ecosoc-operational-activities-segment-dialogue-deputy-secretary-general-unsdg-chair%E2%80%99s_en,False,False,False,False,False,False,False,False,False,False,False,False,False,False,False,False,False,False,False
2026-06-01,EU Statement - UN Security Council: Briefing on Threats to international peace and security,https://www.eeas.europa.eu/delegations/un-new-york/eu-statement-un-security-council-briefing-threats-international-peace-and-security-0_en,True,False,True,True,False,True,True,True,True,True,True,True,True,False,False,True,True,False,False
2026-06-01,"UN - General Assembly:  Agenda Item 31(b) - Strengthening the role of mediation in the peaceful settlement of disputes, conflict prevention and resolution",https://www.eeas.europa.eu/delegations/un-new-york/un-general-assembly-agenda-item-31b-strengthening-role-mediation-peaceful-settlement-disputes_en,True,False,True,True,False,False,True,True,True,True,True,False,False,True,False,True,False,True,False
2026-06-01,Meet EU Youth Delegates to the UN for the 81st General Assembly Session,https://www.eeas.europa.eu/delegations/un-new-york/meet-eu-youth-delegates-un-81st-general-assembly-session_en,False,False,False,False,False,False,False,False,False,False,False,False,False,False,False,False,False,False,False
2026-05-29,EU Statement - UN Security Council:  Maintenance of peace and security of Ukraine,https://www.eeas.europa.eu/delegations/un-new-york/eu-statement-un-security-council-maintenance-peace-and-security-ukraine-5_en,True,False,True,True,False,True,True,True,True,True,False,False,False,False,False,True,True,True,False
2026-05-29,EU Statement - UN Security Council: High-Level Open Debate on Upholding the Purposes and Principles of the UN Charter and Strengthening the UN-centered International System,https://www.eeas.europa.eu/delegations/un-new-york/eu-statement-un-security-council-high-level-open-debate-upholding-purposes-and-principles-un-charter_en,True,False,True,True,False,True,True,True,True,True,False,False,False,False,False,True,False,True,False
2026-05-29,Children in Crisis: Spotlight on Underfunded Humanitarian Emergencies,https://www.eeas.europa.eu/delegations/un-new-york/children-crisis-spotlight-underfunded-humanitarian-emergencies_en,False,False,False,False,False,False,False,False,False,False,False,False,False,False,False,False,False,False,False
2026-05-29,UN: Information Briefing by the UN Secretary General,https://www.eeas.europa.eu/delegations/un-new-york/un-information-briefing-un-secretary-general_en,False,False,False,False,False,False,False,False,False,False,False,False,False,False,False,False,False,False,False
2026-05-23,EU Statement -- 11th Review Conference of the Parties to  the Treaty on the Non-proliferation of Nuclear Weapons (NPT): Closing remarks,https://www.eeas.europa.eu/delegations/un-new-york/eu-statement-11th-review-conference-parties-treaty-non-proliferation-nuclear-weapons-npt-closing_en,False,False,False,False,False,False,False,False,False,False,False,False,False,False,False,False,False,False,False
2026-05-21,Joint Statement by 41 Members  of the Inter-Regional Task Force on the Moratorium on the use of the Death Penalty,https://www.eeas.europa.eu/delegations/un-new-york/joint-statement-41-members-inter-regional-task-force-moratorium-use-death-penalty_en,False,False,False,False,False,False,False,False,False,False,False,False,False,False,False,False,False,False,False
2026-05-21,EU Statement -- UN General Assembly: Resolution on the Advisory Opinion of the International Court of Justice on the obligations of States in respect of climate change,https://www.eeas.europa.eu/delegations/un-new-york/eu-statement-un-general-assembly-resolution-advisory-opinion-international-court-justice-obligations_en,True,False,False,True,False,True,False,True,True,False,True,False,False,False,False,True,False,True,False
2026-05-20,EU Statement -- UN Security Council: Open Debate on the Protection of Civilians,https://www.eeas.europa.eu/delegations/un-new-york/eu-statement-un-security-council-open-debate-protection-civilians_en,True,False,True,True,False,True,True,True,True,False,False,False,False,True,False,False,False,True,False
2026-05-20,EU Statement -- UN General Assembly: AHWG Draft Templates and Clauses on Mandate Implementation Review,https://www.eeas.europa.eu/delegations/un-new-york/eu-statement-un-general-assembly-ahwg-draft-templates-and-clauses-mandate-implementation-review_en,False,False,False,False,False,False,False,False,False,False,False,False,False,False,False,False,False,False,False
2026-05-19,EU Statement -- UN General Assembly: High-level panel on the theme  “The importance of complying with the Venice Principles for Ombudsman institutions to strengthen the institutions’ independence and autonomy and create an enabling environment to perform&quot;,https://www.eeas.europa.eu/delegations/un-new-york/eu-statement-un-general-assembly-high-level-panel-theme-%E2%80%9C-importance-complying-venice-principles_en,False,False,False,False,False,False,False,False,False,False,False,False,False,False,False,False,False,False,False
2026-05-19,EU Statement -- UN Security Council: Ukraine,https://www.eeas.europa.eu/delegations/un-new-york/eu-statement-un-security-council-ukraine_en,True,False,True,True,False,True,True,True,True,True,False,True,False,False,False,True,True,False,False
2026-05-19,"EU Statement -- General Assembly, Fifth Committee, Second Resumed Session: Improving the financial situation of the United Nations (Item 138)",https://www.eeas.europa.eu/delegations/un-new-york/eu-statement-general-assembly-fifth-committee-second-resumed-session-improving-financial-situation_en,True,False,True,True,True,True,True,True,True,False,False,False,False,False,False,False,True,True,False
2026-05-18,EU Statement -- UN General Assembly: Informal meeting of the General Committee,https://www.eeas.europa.eu/delegations/un-new-york/eu-statement-un-general-assembly-informal-meeting-general-committee_en,False,False,False,False,False,False,False,False,False,False,False,False,False,False,False,False,False,False,False
2026-05-16,EU Statement: ECOSOC Special Meeting &quot;Safeguarding Energy and Supply Flows: Supporting Global Development through International Cooperation&quot;,https://www.eeas.europa.eu/delegations/un-new-york/eu-statement-ecosoc-special-meeting-safeguarding-energy-and-supply-flows-supporting-global_en,False,False,False,False,False,False,False,False,False,False,False,False,False,False,False,False,False,False,False
2026-05-15,Interactive Multi-Stakeholder Hearing as part of the preparatory process for the 2026 High-level meeting on HIV/AIDS,https://www.eeas.europa.eu/delegations/un-new-york/interactive-multi-stakeholder-hearing-part-preparatory-process-2026-high-level-meeting-hivaids_en,False,False,False,False,False,False,False,False,False,False,False,False,False,False,False,False,False,False,False
2026-05-14,EU Statement -- Global Dialogue on AI Governance: Informal thematic deep-dive session,https://www.eeas.europa.eu/delegations/un-new-york/eu-statement-global-dialogue-ai-governance-informal-thematic-deep-dive-session_en,False,False,False,False,False,False,False,False,False,False,False,False,False,False,False,False,False,False,False
2026-05-14,EU Statement – UN General Assembly: Interactive Dialogues with candidates for the position of President of the 81st Session of the General Assembly (PGA81),https://www.eeas.europa.eu/delegations/un-new-york/eu-statement-%E2%80%93-un-general-assembly-interactive-dialogues-candidates-position-president-81st-session_en,False,False,False,False,False,False,False,False,False,False,False,False,False,False,False,False,False,False,False
2026-05-12,EU Statement – UN Security Council: Debate on Bosnia and Herzegovina,https://www.eeas.europa.eu/delegations/un-new-york/eu-statement-%E2%80%93-un-security-council-debate-bosnia-and-herzegovina-1_en,False,False,False,False,False,False,False,False,False,False,False,False,False,False,False,False,False,False,False
2026-05-08,EU Statement – UN Committee on Information: Closing Plenary,https://www.eeas.europa.eu/delegations/un-new-york/eu-statement-%E2%80%93-un-committee-information-closing-plenary_en,False,False,False,False,False,False,False,False,False,False,False,False,False,False,False,False,False,False,False
2026-05-08,"EU Statement – UN Security Council Arria-formula meeting: the West Bank, including East Jerusalem",https://www.eeas.europa.eu/delegations/un-new-york/eu-statement-%E2%80%93-un-security-council-arria-formula-meeting-west-bank-including-east-jerusalem_en,True,False,False,True,False,False,True,False,True,False,False,False,False,True,False,True,False,True,False
2026-05-06,"EU Statement – Joint UN General Assembly and Economic and Social Council Special Meeting: Advancing Science, Technology and Youth Entrepreneurship for Development",https://www.eeas.europa.eu/delegations/un-new-york/eu-statement-%E2%80%93-joint-un-general-assembly-and-economic-and-social-council-special-meeting-advancing_en,False,False,False,False,False,False,False,False,False,False,False,False,False,False,False,False,False,False,False
2026-05-05,EU Statement – UN Security Council Arria-formula meeting: Protecting Medical Care in Conflict Amid Evolving Threats,https://www.eeas.europa.eu/delegations/un-new-york/eu-statement-%E2%80%93-un-security-council-arria-formula-meeting-protecting-medical-care-conflict-amid_en,True,False,True,True,False,False,True,True,False,True,True,False,False,False,False,True,False,False,False
2026-05-04,EU Statement – 11th Review Conference of the Parties to the Treaty on the Non-proliferation of Nuclear Weapons (NPT): Main Committee II,https://www.eeas.europa.eu/delegations/un-new-york/eu-statement-%E2%80%93-11th-review-conference-parties-treaty-non-proliferation-nuclear-weapons-npt-main-0_en,True,False,False,True,False,False,True,True,True,False,True,False,False,False,False,False,True,True,False
2026-05-04,EU Statement – UN General Assembly 5th Committee Second Resumed Session: Organisation of work,https://www.eeas.europa.eu/delegations/un-new-york/eu-statement-%E2%80%93-un-general-assembly-5th-committee-second-resumed-session-organisation-work-1_en,True,False,True,True,False,True,True,True,True,True,False,False,False,True,False,True,True,True,False
2026-05-04,EU Statement – 11th Review Conference of the Parties to the Treaty on the Non-proliferation of Nuclear Weapons (NPT): Main Committee III,https://www.eeas.europa.eu/delegations/un-new-york/eu-statement-%E2%80%93-11th-review-conference-parties-treaty-non-proliferation-nuclear-weapons-npt-main-1_en,True,False,False,True,False,False,True,True,True,True,True,False,False,False,False,False,True,True,False
2026-04-30,EU Statement – 11th Review Conference of the Parties to the Treaty on the Non-proliferation of Nuclear Weapons (NPT): Main Committee I,https://www.eeas.europa.eu/delegations/un-new-york/eu-statement-%E2%80%93-11th-review-conference-parties-treaty-non-proliferation-nuclear-weapons-npt-main_en,True,False,False,True,False,True,True,True,True,False,True,False,False,False,False,True,True,True,False
2026-04-29,EU Statement – UN General Assembly: Monthly Information Briefing on the UN80 Initiative (WS3),https://www.eeas.europa.eu/delegations/un-new-york/eu-statement-%E2%80%93-un-general-assembly-monthly-information-briefing-un80-initiative-ws3_en,False,False,False,False,False,False,False,False,False,False,False,False,False,False,False,False,False,False,False
2026-04-28,"EU Statement – UN Security Council: Open debate on the situation in the Middle East, including the Palestinian question",https://www.eeas.europa.eu/delegations/un-new-york/eu-statement-%E2%80%93-un-security-council-open-debate-situation-middle-east-including-palestinian-question-2_en,True,False,False,True,False,False,True,True,True,False,False,False,False,False,False,True,False,True,False
2026-04-27,EU Statement – UN Security Council: The Safety and Protection of Maritime Waterways,https://www.eeas.europa.eu/delegations/un-new-york/eu-statement-%E2%80%93-un-security-council-safety-and-protection-maritime-waterways_en,True,False,True,True,False,True,True,True,True,True,False,False,False,False,False,True,False,True,False
2026-04-27,EU Statement - 11th Review Conference of the Parties to the Treaty on the Non-proliferation of Nuclear Weapons (NPT): General Statement,https://www.eeas.europa.eu/delegations/un-new-york/eu-statement-11th-review-conference-parties-treaty-non-proliferation-nuclear-weapons-npt-general_en,True,False,True,True,False,True,True,True,True,True,False,False,False,False,False,True,True,True,False
2026-04-27,EU Statement – UN General Assembly 48th Committee on Information: Opening Session,https://www.eeas.europa.eu/delegations/un-new-york/eu-statement-%E2%80%93-un-general-assembly-48th-committee-information-opening-session_en,True,False,True,True,False,False,True,True,True,True,False,False,False,False,False,False,False,True,False
2026-04-27,EU Explanation of Position: UN Financing for Development Forum: Outcome document,https://www.eeas.europa.eu/delegations/un-new-york/eu-explanation-position-un-financing-development-forum-outcome-document_en,False,False,False,False,False,False,False,False,False,False,False,False,False,False,False,False,False,False,False
2026-04-25,EU Explanation of Position – UN General Assembly: Adoption of the Draft Resolution on the Organization of the 2026 High-Level Meeting on HIV/AIDS,https://www.eeas.europa.eu/delegations/un-new-york/eu-explanation-position-%E2%80%93-un-general-assembly-adoption-draft-resolution-organization-2026-high-level_en,False,False,False,False,False,False,False,False,False,False,False,False,False,False,False,False,False,False,False
2026-04-24,EU Statement -- UN General Assembly: Chornobyl Commemoration,https://www.eeas.europa.eu/delegations/un-new-york/eu-statement-un-general-assembly-chornobyl-commemoration_en,True,False,True,True,False,True,True,True,True,True,False,False,False,False,False,True,True,True,False
2026-04-24,"EU Statement -- UN General Assembly, Interactive Dialogue on The Pact for the Future and the UN80 Initiative: From Commitments to Delivery",https://www.eeas.europa.eu/delegations/un-new-york/eu-statement-un-general-assembly-interactive-dialogue-pact-future-and-un80-initiative-commitments_en,False,False,False,False,False,False,False,False,False,False,False,False,False,False,False,False,False,False,False
2026-04-24,"EU Statement -- 25th Session of the Permanent Forum on Indigenous Issues, Agenda Item 4: Discussion on the six mandated areas of the Permanent Forum",https://www.eeas.europa.eu/delegations/un-new-york/eu-statement-25th-session-permanent-forum-indigenous-issues-agenda-item-4-discussion-six-mandated_en,True,False,True,True,True,False,False,True,True,False,False,False,False,False,False,False,False,False,False
2026-04-24,EU Statement -- Expert Mechanism on the Right to Development: General debate,https://www.eeas.europa.eu/delegations/un-new-york/eu-statement-expert-mechanism-right-development-general-debate_en,False,False,False,False,False,False,False,False,False,False,False,False,False,False,False,False,False,False,False
2026-04-23,EU Statement -- Peacebuilding Commission Ambassadorial-level meeting on The Gambia,https://www.eeas.europa.eu/delegations/un-new-york/eu-statement-peacebuilding-commission-ambassadorial-level-meeting-gambia_en,False,False,False,False,False,False,False,False,False,False,False,False,False,False,False,False,False,False,False
2026-04-23,EU Statement – 25th Permanent Forum on Indigenous Issues: Human rights dialogue with the Special Rapporteur on the rights of Indigenous Peoples,https://www.eeas.europa.eu/delegations/un-new-york/eu-statement-%E2%80%93-25th-permanent-forum-indigenous-issues-human-rights-dialogue-special-rapporteur_en,True,False,True,True,True,False,False,True,True,False,False,False,False,True,False,False,False,False,False
2026-04-21,EU Statement – UN General Assembly: Interactive dialogues with candidates for the position of UN Secretary-General,https://www.eeas.europa.eu/delegations/un-new-york/eu-statement-%E2%80%93-un-general-assembly-interactive-dialogues-candidates-position-un-secretary-general_en,False,False,False,False,False,False,False,False,False,False,False,False,False,False,False,False,False,False,False
2026-04-21,"EU Statement – 25th Permanent Forum on Indigenous Issues: Ensuring Indigenous Peoples’ health, including in the context of conflict",https://www.eeas.europa.eu/delegations/un-new-york/eu-statement-%E2%80%93-25th-permanent-forum-indigenous-issues-ensuring-indigenous-peoples%E2%80%99-health-including_en,True,False,True,True,True,False,False,True,True,False,False,False,False,True,False,False,False,False,True
2026-04-20,EU Statement – UN Permanent Forum on Indigenous Issues: Indigenous Peoples and climate change,https://www.eeas.europa.eu/delegations/un-new-york/eu-statement-%E2%80%93-un-permanent-forum-indigenous-issues-indigenous-peoples-and-climate-change_en,True,False,True,True,True,False,False,True,True,False,False,False,False,False,False,False,False,False,False
2026-04-20,EU Statement – UN Security Council: Ukraine,https://www.eeas.europa.eu/delegations/un-new-york/eu-statement-%E2%80%93-un-security-council-ukraine-12_en,True,False,True,True,False,True,True,True,True,False,False,False,False,False,False,True,True,False,False
2026-04-17,EU Statement - 59th Commission on Population on Development: Closing Statement,https://www.eeas.europa.eu/delegations/un-new-york/eu-statement-59th-commission-population-development-closing-statement_en,False,False,False,False,False,False,False,False,False,False,False,False,False,False,False,False,False,False,False
2026-04-17,EU Statement – UN General Assembly: Second informal consultation of the HLPF Ministerial Declaration,https://www.eeas.europa.eu/delegations/un-new-york/eu-statement-%E2%80%93-un-general-assembly-second-informal-consultation-hlpf-ministerial-declaration_en,False,False,False,False,False,False,False,False,False,False,False,False,False,False,False,False,False,False,False
2026-04-16,Who Rules the World? Human Rights: Who needs them? (Spoiler: Everyone),https://www.eeas.europa.eu/delegations/un-new-york/who-rules-world-human-rights-who-needs-them-spoiler-everyone_en,False,False,False,False,False,False,False,False,False,False,False,False,False,False,False,False,False,False,False
2026-04-16,EU Statement – UN General Assembly: Use of the veto (maritime security in the Strait of Hormuz),https://www.eeas.europa.eu/delegations/un-new-york/eu-statement-%E2%80%93-un-general-assembly-use-veto-maritime-security-strait-hormuz_en,True,False,True,True,False,True,True,True,True,False,False,False,False,False,False,True,True,False,False
2026-04-16,EU Statement – UN General Assembly: Adoption of the draft resolution on the Role of diamonds in fuelling conflict,https://www.eeas.europa.eu/delegations/un-new-york/eu-statement-%E2%80%93-un-general-assembly-adoption-draft-resolution-role-diamonds-fuelling-conflict-1_en,True,False,True,True,True,True,True,True,True,True,False,False,False,False,False,False,False,False,False
2026-04-15,EU Statement – UN General Assembly: Prevention of armed conflict,https://www.eeas.europa.eu/delegations/un-new-york/eu-statement-%E2%80%93-un-general-assembly-prevention-armed-conflict_en,True,False,True,True,False,False,True,True,False,True,False,False,False,True,False,True,True,True,True
2026-04-14,EU Statement – 48th session of the UN Committee on Information: Informal briefing with USG of the Department of Global Communications,https://www.eeas.europa.eu/delegations/un-new-york/eu-statement-%E2%80%93-48th-session-un-committee-information-informal-briefing-usg-department-global_en,False,False,False,False,False,False,False,False,False,False,False,False,False,False,False,False,False,False,False
2026-04-14,EU Statement - 59th Commission on Population on Development: Opening session,https://www.eeas.europa.eu/delegations/un-new-york/eu-statement-59th-commission-population-development-opening-session_en,True,False,True,True,False,True,True,True,True,False,False,False,False,True,False,False,False,False,False
2026-04-10,EU Statement – UN General Assembly: Further intergovernmental consultation on the Declaration on sea-level rise to be adopted at the 2026 High Level Meeting,https://www.eeas.europa.eu/delegations/un-new-york/eu-statement-%E2%80%93-un-general-assembly-further-intergovernmental-consultation-declaration-sea-level-rise_en,True,False,True,True,False,True,True,True,True,False,False,False,False,False,False,False,True,False,False
2026-04-09,"Who Rules the World? Ep. 46: Art, War, and Advocacy: Ramika&#039;s Journey and Life for Women in Afghanistan",https://www.eeas.europa.eu/delegations/un-new-york/who-rules-world-ep-46-art-war-and-advocacy-ramikas-journey-and-life-women-afghanistan_en,False,False,False,False,False,False,False,False,False,False,False,False,False,False,False,False,False,False,False
2026-04-09,EU Statement – UN Security Concil Briefing on UNMIK (Kosovo),https://www.eeas.europa.eu/delegations/un-new-york/eu-statement-%E2%80%93-un-security-concil-briefing-unmik-kosovo_en,True,False,True,True,False,True,True,True,False,False,False,False,True,False,False,False,False,True,False
2026-04-08,EU Statement – UN General Assembly: Informal consultation on the Global Dialogue on AI Governance,https://www.eeas.europa.eu/delegations/un-new-york/eu-statement-%E2%80%93-un-general-assembly-informal-consultation-global-dialogue-ai-governance_en,False,False,False,False,False,False,False,False,False,False,False,False,False,False,False,False,False,False,False
2026-04-07,EU Statement – UN Disarmament Commission: General Exchange of Views,https://www.eeas.europa.eu/delegations/un-new-york/eu-statement-%E2%80%93-un-disarmament-commission-general-exchange-views_en,False,False,False,False,False,False,False,False,False,False,False,False,False,False,False,False,False,False,False
2026-04-07,EU Statement – UN General Assembly: Briefing on the UN80 Initiative Workstream 3,https://www.eeas.europa.eu/delegations/un-new-york/eu-statement-%E2%80%93-un-general-assembly-briefing-un80-initiative-workstream-3_en,False,False,False,False,False,False,False,False,False,False,False,False,False,False,False,False,False,False,False
2026-04-01,EU Statement – UN ECOSOC: Recalibrating the Resident Coordinator System,https://www.eeas.europa.eu/delegations/un-new-york/eu-statement-%E2%80%93-un-ecosoc-recalibrating-resident-coordinator-system_en,False,False,False,False,False,False,False,False,False,False,False,False,False,False,False,False,False,False,False
2026-03-31,EU Statement – UN General Assembly: Event on Women Breaking Barriers,https://www.eeas.europa.eu/delegations/un-new-york/eu-statement-%E2%80%93-un-general-assembly-event-women-breaking-barriers_en,False,False,False,False,False,False,False,False,False,False,False,False,False,False,False,False,False,False,False
2026-03-31,EU Statement – ECOSOC Special Meeting: Credit Ratings,https://www.eeas.europa.eu/delegations/un-new-york/eu-statement-%E2%80%93-ecosoc-special-meeting-credit-ratings_en,False,False,False,False,False,False,False,False,False,False,False,False,False,False,False,False,False,False,False
2026-03-27,EU Statement – UN General Assembly 5th Committee First Resumed Session: Closing Statement,https://www.eeas.europa.eu/delegations/un-new-york/eu-statement-%E2%80%93-un-general-assembly-5th-committee-first-resumed-session-closing-statement_en,True,False,True,True,False,True,True,True,True,False,False,False,False,False,False,True,True,False,False
2026-03-25,EU Explanation of Vote – UN General Assembly: Action on A/80/L.48 - Declaration of the Trafficking of Enslaved Africans and Racialized Chattel Enslavement of Africans as the Gravest Crime Against Humanity,https://www.eeas.europa.eu/delegations/un-new-york/eu-explanation-vote-%E2%80%93-un-general-assembly-action-a80l48-declaration-trafficking-enslaved-africans_en,True,False,True,True,False,True,False,True,True,False,False,False,False,False,False,False,False,True,False
2026-03-25,EU Statement – UN General Assembly: International Day for Remembrance of the Victims of Slavery and the Transatlantic Slave Trade,https://www.eeas.europa.eu/delegations/un-new-york/eu-statement-%E2%80%93-un-general-assembly-international-day-remembrance-victims-slavery-and-transatlantic_en,True,False,True,True,True,True,False,True,True,True,False,False,False,False,False,True,False,True,False
2026-03-24,EU Statement – UN General Assembly: International Day of Forests 2026,https://www.eeas.europa.eu/delegations/un-new-york/eu-statement-%E2%80%93-un-general-assembly-international-day-forests-2026_en,False,False,False,False,False,False,False,False,False,False,False,False,False,False,False,False,False,False,False
2026-03-23,EU Statement – UN Security Council: Ukraine,https://www.eeas.europa.eu/delegations/un-new-york/eu-statement-%E2%80%93-un-security-council-ukraine-11_en,False,False,False,False,False,False,False,False,False,False,False,False,False,False,False,False,False,False,False
2026-03-23,EU Statement – Briefing by UNEP Executive Director Andersen,https://www.eeas.europa.eu/delegations/un-new-york/eu-statement-%E2%80%93-briefing-unep-executive-director-andersen_en,False,False,False,False,False,False,False,False,False,False,False,False,False,False,False,False,False,False,False
2026-03-23,EU Statement – UN General Assembly: Informal consultation on the Financing for Development Forum outcome,https://www.eeas.europa.eu/delegations/un-new-york/eu-statement-%E2%80%93-un-general-assembly-informal-consultation-financing-development-forum-outcome_en,False,False,False,False,False,False,False,False,False,False,False,False,False,False,False,False,False,False,False
2026-03-23,Statement by 23 EU Member States – UN General Assembly: Zero draft of the IMRF Progress Declaration,https://www.eeas.europa.eu/delegations/un-new-york/statement-23-eu-member-states-%E2%80%93-un-general-assembly-zero-draft-imrf-progress-declaration_en,False,False,False,False,False,False,False,False,False,False,False,False,False,False,False,False,False,False,False
2026-03-23,EU Statement – UN General Assembly: International Day for the Elimination of Racial Discrimination,https://www.eeas.europa.eu/delegations/un-new-york/eu-statement-%E2%80%93-un-general-assembly-international-day-elimination-racial-discrimination-0_en,True,False,True,True,True,True,False,True,True,True,False,False,False,True,False,True,False,True,False
2026-03-19,EU Statement – UN General Assembly: High Level Event on World Water Day and the World Day for Glaciers,https://www.eeas.europa.eu/delegations/un-new-york/eu-statement-%E2%80%93-un-general-assembly-high-level-event-world-water-day-and-world-day-glaciers_en,False,False,False,False,False,False,False,False,False,False,False,False,False,False,False,False,False,False,False
2026-03-18,EU Statement – UN Peacebuilding Commission: 2nd Annual Interactive Dialogue on the Peacebuilding Fund,https://www.eeas.europa.eu/delegations/un-new-york/eu-statement-%E2%80%93-un-peacebuilding-commission-2nd-annual-interactive-dialogue-peacebuilding-fund_en,False,False,False,False,False,False,False,False,False,False,False,False,False,False,False,False,False,False,False
2026-03-18,EU Statement – UN General Assembly 5th Committee First Resumed Session: Special Political Missions,https://www.eeas.europa.eu/delegations/un-new-york/eu-statement-%E2%80%93-un-general-assembly-5th-committee-first-resumed-session-special-political-missions_en,True,False,True,True,False,True,True,True,True,False,False,False,False,False,False,True,True,False,True
2026-03-16,EU Statement – UN General Assembly: High-Level Event to Commemorate the International Day to Combat Islamophobia,https://www.eeas.europa.eu/delegations/un-new-york/eu-statement-%E2%80%93-un-general-assembly-high-level-event-commemorate-international-day-combat_en,True,False,True,True,True,True,True,True,True,True,False,False,False,True,False,True,False,True,False
2026-03-10,EU Statement – UN General Assembly: First informal consultation on the 2026 High Level Political Forum Ministerial Declaration,https://www.eeas.europa.eu/delegations/un-new-york/eu-statement-%E2%80%93-un-general-assembly-first-informal-consultation-2026-high-level-political-forum_en,False,False,False,False,False,False,False,False,False,False,False,False,False,False,False,False,False,False,False
2026-03-06,Statement on behalf of 25 EU Member States – UN General Assembly: Informal meeting on the IMRF Progress Declaration,https://www.eeas.europa.eu/delegations/un-new-york/statement-behalf-25-eu-member-states-%E2%80%93-un-general-assembly-informal-meeting-imrf-progress_en,False,False,False,False,False,False,False,False,False,False,False,False,False,False,False,False,False,False,False
2026-03-06,CSW70 Side Event: Afghan Women as Economic Actors Amid Crisis and Restrictions,https://www.eeas.europa.eu/delegations/un-new-york/csw70-side-event-afghan-women-economic-actors-amid-crisis-and-restrictions_en,False,False,False,False,False,False,False,False,False,False,False,False,False,False,False,False,False,False,False
2026-03-06,CSW70: Side Event on Preventing and Combating All Forms of Cyber Violence Against Girls,https://www.eeas.europa.eu/delegations/un-new-york/csw70-side-event-preventing-and-combating-all-forms-cyber-violence-against-girls_en,False,False,False,False,False,False,False,False,False,False,False,False,False,False,False,False,False,False,False
2026-03-06,CSW70 Side Event: Intergenerational engagement for advancing young women&#039;s leadership,https://www.eeas.europa.eu/delegations/un-new-york/csw70-side-event-intergenerational-engagement-advancing-young-womens-leadership_en,False,False,False,False,False,False,False,False,False,False,False,False,False,False,False,False,False,False,False
2026-03-06,CSW 70: High-level event commemorating the 5th anniversary of the Group of Friends for the Elimination of Violence against Women &amp; Girls: Five Years On - Securing Achievements and Ensuring Durable Impact,https://www.eeas.europa.eu/delegations/un-new-york/csw-70-high-level-event-commemorating-5th-anniversary-group-friends-elimination-violence-against_en,False,False,False,False,False,False,False,False,False,False,False,False,False,False,False,False,False,False,False
2026-03-06,CSW70 Side Event on Strengthening Access to Justice for All Women and Girls: What more can we do to protect the women who give their lives to save others?,https://www.eeas.europa.eu/delegations/un-new-york/csw70-side-event-strengthening-access-justice-all-women-and-girls-what-more-can-we-do-protect-women_en,False,False,False,False,False,False,False,False,False,False,False,False,False,False,False,False,False,False,False
2026-03-06,CSW70 Side Event on Automating Justice: Can Artificial Intelligence Increase Women’s and Girl’s Access to Justice?,https://www.eeas.europa.eu/delegations/un-new-york/csw70-side-event-automating-justice-can-artificial-intelligence-increase-women%E2%80%99s-and-girl%E2%80%99s-access_en,False,False,False,False,False,False,False,False,False,False,False,False,False,False,False,False,False,False,False
2026-03-06,The European Union at the 70th UN Commission on the Status of Women | Rights. Justice. Action.,https://www.eeas.europa.eu/delegations/un-new-york/european-union-70th-un-commission-status-women-rights-justice-action_en,False,False,False,False,False,False,False,False,False,False,False,False,False,False,False,False,False,False,False
2026-03-05,Arbitrary detentions and enforced disappearances of Ukrainian women journalists by Russia,https://www.eeas.europa.eu/delegations/un-new-york/arbitrary-detentions-and-enforced-disappearances-ukrainian-women-journalists-russia_en,False,False,False,False,False,False,False,False,False,False,False,False,False,False,False,False,False,False,False
2026-03-05,EU Statement – UN General Assembly: Revitalization of the GA,https://www.eeas.europa.eu/delegations/un-new-york/eu-statement-%E2%80%93-un-general-assembly-revitalization-ga_en,False,False,False,False,False,False,False,False,False,False,False,False,False,False,False,False,False,False,False
2026-03-04,EU Statement – UN General Assembly: UN80 Meeting on Rev.1 resolution,https://www.eeas.europa.eu/delegations/un-new-york/eu-statement-%E2%80%93-un-general-assembly-un80-meeting-rev1-resolution_en,True,False,True,True,True,True,True,True,True,False,False,False,False,True,False,True,True,False,False
2026-03-04,EU Statement – UN General Assembly: Informal meeting of the General Committee,https://www.eeas.europa.eu/delegations/un-new-york/eu-statement-%E2%80%93-un-general-assembly-informal-meeting-general-committee_en,False,False,False,False,False,False,False,False,False,False,False,False,False,False,False,False,False,False,False
2026-03-04,EU Statement - 9th Review of the UN Global Counter-Terrorism Strategy: Briefing to Member States,https://www.eeas.europa.eu/delegations/un-new-york/eu-statement-9th-review-un-global-counter-terrorism-strategy-briefing-member-states_en,True,False,True,True,True,False,True,True,True,True,False,False,True,True,False,False,True,False,False
2026-02-28,EU Statement – UN General Assembly: Briefing on UN80 Reform and the Humanitarian Compact,https://www.eeas.europa.eu/delegations/un-new-york/eu-statement-%E2%80%93-un-general-assembly-briefing-un80-reform-and-humanitarian-compact_en,True,False,True,True,True,True,True,True,True,True,False,False,False,True,False,False,True,True,False
2026-02-28,EU Statement – UN Informal Ad-Hoc Working Group on the UN80 Initiative: Final Meeting,https://www.eeas.europa.eu/delegations/un-new-york/eu-statement-%E2%80%93-un-informal-ad-hoc-working-group-un80-initiative-final-meeting_en,False,False,False,False,False,False,False,False,False,False,False,False,False,False,False,False,False,False,False
2026-02-27,EU Statement – UN General Assembly: The Pact for the Future Implementation,https://www.eeas.europa.eu/delegations/un-new-york/eu-statement-%E2%80%93-un-general-assembly-pact-future-implementation_en,False,False,False,False,False,False,False,False,False,False,False,False,False,False,False,False,False,False,False
2026-02-27,"Statement on behalf of 25 EU Member States – UN General Assembly: Secretary-General’s Report on the Global Compact for Safe, Orderly and Regular Migration",https://www.eeas.europa.eu/delegations/un-new-york/statement-behalf-25-eu-member-states-%E2%80%93-un-general-assembly-secretary-general%E2%80%99s-report-global-compact_en,False,False,False,False,False,False,False,False,False,False,False,False,False,False,False,False,False,False,False
2026-02-26,EU Statement – UN General Assembly 2nd Committee: First Informal Dialogue on the Revitalization of the Second Committee,https://www.eeas.europa.eu/delegations/un-new-york/eu-statement-%E2%80%93-un-general-assembly-2nd-committee-first-informal-dialogue-revitalization-second_en,True,False,True,True,False,True,True,True,True,False,False,False,False,False,False,True,False,False,False
2026-02-26,EU Statement – UN General Assembly 5th Committee First Resumed Session: Human Resources Management,https://www.eeas.europa.eu/delegations/un-new-york/eu-statement-%E2%80%93-un-general-assembly-5th-committee-first-resumed-session-human-resources-management_en,True,False,True,True,True,True,True,True,True,True,False,False,False,True,False,False,True,True,False
2026-02-25,EU Statement – UN Security Council Arria-formula Meeting: Red Hand Day 2026 on Safe Education to Prevent the Recruitment and Use of Children in Armed Conflict,https://www.eeas.europa.eu/delegations/un-new-york/eu-statement-%E2%80%93-un-security-council-arria-formula-meeting-red-hand-day-2026-safe-education-prevent_en,False,False,False,False,False,False,False,False,False,False,False,False,False,False,False,False,False,False,False
2026-02-24,EU Statement – UN General Assembly: 11th Emergency Special Session on Ukraine,https://www.eeas.europa.eu/delegations/un-new-york/eu-statement-%E2%80%93-un-general-assembly-11th-emergency-special-session-ukraine_en,False,False,False,False,False,False,False,False,False,False,False,False,False,False,False,False,False,False,False
2026-02-24,EU Statement – UN Security Council: Ukraine,https://www.eeas.europa.eu/delegations/un-new-york/eu-statement-%E2%80%93-un-security-council-ukraine-10_en,False,False,False,False,False,False,False,False,False,False,False,False,False,False,False,False,False,False,False
2026-02-24,80th Session of the General Assembly  Fifth Committee First Resumed Session,https://www.eeas.europa.eu/delegations/un-new-york/80th-session-general-assembly-fifth-committee-first-resumed-session_en,True,False,True,True,True,False,True,True,True,True,False,False,False,True,False,True,True,True,False
2026-02-19,EU Statement -- UN Security Council: Meeting on Sudan,https://www.eeas.europa.eu/delegations/un-new-york/eu-statement-un-security-council-meeting-sudan_en,False,False,False,False,False,False,False,False,False,False,False,False,False,False,False,False,False,False,False
2026-02-18,EU Statement – UN Special Committee on Peacekeeping Operations (C34): General Debate,https://www.eeas.europa.eu/delegations/un-new-york/eu-statement-%E2%80%93-un-special-committee-peacekeeping-operations-c34-general-debate_en,True,False,True,True,True,True,True,True,True,True,False,False,False,True,False,False,False,False,False
2026-02-18,EU Statement – Executive Board of UN Women: Opening of the Regular Session,https://www.eeas.europa.eu/delegations/un-new-york/eu-statement-%E2%80%93-executive-board-un-women-opening-regular-session_en,False,False,False,False,False,False,False,False,False,False,False,False,False,False,False,False,False,False,False
2026-02-18,Joint Press Statement on the latest Israeli decisions regarding the occupied West Bank,https://www.eeas.europa.eu/delegations/un-new-york/joint-press-statement-latest-israeli-decisions-regarding-occupied-west-bank_en,False,False,False,False,False,False,False,False,False,False,False,False,False,False,False,False,False,False,False
2026-02-18,EU Statement – UN Special Committee on the Charter and Strengthening the Role of the Organization,https://www.eeas.europa.eu/delegations/un-new-york/eu-statement-%E2%80%93-un-special-committee-charter-and-strengthening-role-organization_en,True,False,True,True,False,False,True,True,True,False,False,True,False,False,False,False,True,False,False
2026-02-13,EU Statement – Briefing on the 2026 Financing for Development Forum outcome,https://www.eeas.europa.eu/delegations/un-new-york/eu-statement-%E2%80%93-briefing-2026-financing-development-forum-outcome_en,True,False,True,True,False,True,True,True,True,True,False,False,False,True,False,True,False,False,False
2026-02-12,EU Statement – UN General Assembly: Appointment of the Independent International Scientific Panel on Artificial Intelligence,https://www.eeas.europa.eu/delegations/un-new-york/eu-statement-%E2%80%93-un-general-assembly-appointment-independent-international-scientific-panel-artificial_en,False,False,False,False,False,False,False,False,False,False,False,False,False,False,False,False,False,False,False
2026-02-12,EU Statement – UNICEF Executive Board: Update on UNICEF Humanitarian Action,https://www.eeas.europa.eu/delegations/un-new-york/eu-statement-%E2%80%93-unicef-executive-board-update-unicef-humanitarian-action_en,False,False,False,False,False,False,False,False,False,False,False,False,False,False,False,False,False,False,False
2026-02-11,EU Statement – UN ECOSOC: First informal consultation on ECOSOC – HLPF review,https://www.eeas.europa.eu/delegations/un-new-york/eu-statement-%E2%80%93-un-ecosoc-first-informal-consultation-ecosoc-%E2%80%93-hlpf-review_en,True,False,False,True,True,True,True,True,True,True,False,False,False,True,False,True,True,True,True
2026-02-11,"EU Statement – UNICEF Executive Board: Plan for Global Evaluations, 2026-29",https://www.eeas.europa.eu/delegations/un-new-york/eu-statement-%E2%80%93-unicef-executive-board-plan-global-evaluations-2026-29_en,False,False,False,False,False,False,False,False,False,False,False,False,False,False,False,False,False,False,False
2026-02-10,EU Statement – UN Working Group on GA Revitalization: Role and authority of the General Assembly,https://www.eeas.europa.eu/delegations/un-new-york/eu-statement-%E2%80%93-un-working-group-ga-revitalization-role-and-authority-general-assembly_en,False,False,False,False,False,False,False,False,False,False,False,False,False,False,False,False,False,False,False
2026-02-10,EU Statement – UNICEF Executive Board: Opening Statement,https://www.eeas.europa.eu/delegations/un-new-york/eu-statement-%E2%80%93-unicef-executive-board-opening-statement-3_en,False,False,False,False,False,False,False,False,False,False,False,False,False,False,False,False,False,False,False
2026-02-05,EU Statement - Executive Board of UNDP/UNFPA/UNOPS Regular Session: Statement by the UNOPS Executive Director,https://www.eeas.europa.eu/delegations/un-new-york/eu-statement-executive-board-undpunfpaunops-regular-session-statement-unops-executive-director_en,False,False,False,False,False,False,False,False,False,False,False,False,False,False,False,False,False,False,False
2026-02-04,"EU Statement - Executive Board of UNDP, UNFPA and UNOPS: UNFPA Segment",https://www.eeas.europa.eu/delegations/un-new-york/eu-statement-executive-board-undp-unfpa-and-unops-unfpa-segment_en,False,False,False,False,False,False,False,False,False,False,False,False,False,False,False,False,False,False,False
2026-02-04,EU Statement – UN Security Council: Threats to international peace and security caused by terrorist acts,https://www.eeas.europa.eu/delegations/un-new-york/eu-statement-%E2%80%93-un-security-council-threats-international-peace-and-security-caused-terrorist-acts_en,False,False,False,False,False,False,False,False,False,False,False,False,False,False,False,False,False,False,False
2026-02-03,EU Statement - Executive Board of UNDP/UNFPA/UNOPS Regular Session: Interactive dialogue with the UNDP Administrator,https://www.eeas.europa.eu/delegations/un-new-york/eu-statement-executive-board-undpunfpaunops-regular-session-interactive-dialogue-undp-administrator_en,False,False,False,False,False,False,False,False,False,False,False,False,False,False,False,False,False,False,False
2026-02-02,EU Statement - 64th Session of the Commission for Social Development: General Discussion,https://www.eeas.europa.eu/delegations/un-new-york/eu-statement-64th-session-commission-social-development-general-discussion_en,True,False,True,True,True,True,True,True,True,True,False,False,False,True,False,False,False,False,False
2026-02-02,EU Statement - Executive Board of UNDP/UNFPA/UNOPS Regular Session: UN80 Initiative,https://www.eeas.europa.eu/delegations/un-new-york/eu-statement-executive-board-undpunfpaunops-regular-session-un80-initiative_en,False,False,False,False,False,False,False,False,False,False,False,False,False,False,False,False,False,False,False
2026-01-31,United Nations Human Rights Fora: Council approves EU priorities for 2026,https://www.eeas.europa.eu/delegations/un-new-york/united-nations-human-rights-fora-council-approves-eu-priorities-2026_en,False,False,False,False,False,False,False,False,False,False,False,False,False,False,False,False,False,False,False
2026-01-30,EU Statement – UN Security Council Arria-formula: Upholding the Sanctity of Treaties for the Maintenance of International Peace and Security,https://www.eeas.europa.eu/delegations/un-new-york/eu-statement-%E2%80%93-un-security-council-arria-formula-upholding-sanctity-treaties-maintenance_en,True,False,True,True,True,False,False,True,True,True,False,False,False,False,False,False,False,False,False
2026-01-30,EU Statement – UN General Assembly: Joint Briefing by the Presidents of the General Assembly and the Economic and Social Council,https://www.eeas.europa.eu/delegations/un-new-york/eu-statement-%E2%80%93-un-general-assembly-joint-briefing-presidents-general-assembly-and-economic-and_en,True,False,True,True,True,True,True,True,True,True,False,False,False,False,False,True,True,True,False
2026-01-29,EU Statement – UN Peacebuilding Commission: 20th Session of the Organizational Committee,https://www.eeas.europa.eu/delegations/un-new-york/eu-statement-%E2%80%93-un-peacebuilding-commission-20th-session-organizational-committee_en,False,False,False,False,False,False,False,False,False,False,False,False,False,False,False,False,False,False,False
2026-01-28,"EU Statement – UN Security Council: Open debate on the Middle East, including the Palestinian questions",https://www.eeas.europa.eu/delegations/un-new-york/eu-statement-%E2%80%93-un-security-council-open-debate-middle-east-including-palestinian-questions_en,True,False,False,True,False,False,False,True,True,False,False,False,False,False,False,True,False,True,False
2026-01-28,EU Statement – UN ECOSOC: 2026 ECOSOC Coordination Segment,https://www.eeas.europa.eu/delegations/un-new-york/eu-statement-%E2%80%93-un-ecosoc-2026-ecosoc-coordination-segment_en,False,False,False,False,False,False,False,False,False,False,False,False,False,False,False,False,False,False,False
2026-01-28,EU Statement – UN ECOSOC: 2026 ECOSOC Partnership Forum,https://www.eeas.europa.eu/delegations/un-new-york/eu-statement-%E2%80%93-un-ecosoc-2026-ecosoc-partnership-forum_en,True,False,True,True,False,True,True,True,True,True,False,False,False,True,False,False,False,True,False
2026-01-26,"EU Statement – UN Security Council: Open debate on the Rule of Law: Pathways to reinvigorating peace, justice and multilateralism",https://www.eeas.europa.eu/delegations/un-new-york/eu-statement-%E2%80%93-un-security-council-open-debate-rule-law-pathways-reinvigorating-peace-justice-and_en,False,False,False,False,False,False,False,False,False,False,False,False,False,False,False,False,False,False,False
2026-01-23,EU Statement – UN Peacebuilding Commission: Ambassadorial Meeting on national efforts for prevention and peacebuilding from Mauritania,https://www.eeas.europa.eu/delegations/un-new-york/eu-statement-%E2%80%93-un-peacebuilding-commission-ambassadorial-meeting-national-efforts-prevention-and_en,False,False,False,False,False,False,False,False,False,False,False,False,False,False,False,False,False,False,False
2026-01-23,EU Statement – UN ECOSOC: Commemoration of ECOSOC at 80,https://www.eeas.europa.eu/delegations/un-new-york/eu-statement-%E2%80%93-un-ecosoc-commemoration-ecosoc-80_en,True,False,True,True,False,True,True,True,True,True,False,False,False,True,False,True,True,True,True
2026-01-21,European Commission announces €1.9 billion humanitarian aid budget for 2026,https://www.eeas.europa.eu/delegations/un-new-york/european-commission-announces-%E2%82%AC19-billion-humanitarian-aid-budget-2026_en,False,False,False,False,False,False,False,False,False,False,False,False,False,False,False,False,False,False,False
2026-01-19,EU Statement – UN Working Group for the UN Conference Plenipotentiaries on Prevention and Punishment of Crimes against Humanity: Preparatory Committee,https://www.eeas.europa.eu/delegations/un-new-york/eu-statement-%E2%80%93-un-working-group-un-conference-plenipotentiaries-prevention-and-punishment-crimes_en,True,False,True,True,False,False,True,True,True,True,False,False,False,False,False,False,True,True,False
2026-01-19,EU Statement – UN Informal Ad-hoc Working Group on UN80: Response to the zero draft,https://www.eeas.europa.eu/delegations/un-new-york/eu-statement-%E2%80%93-un-informal-ad-hoc-working-group-un80-response-zero-draft_en,True,False,True,True,False,True,True,True,True,True,False,False,False,False,False,False,True,False,False
2026-01-15,EU Statement -- UN General Assembly: Briefing by the Secretary-General on his priorities for 2026,https://www.eeas.europa.eu/delegations/un-new-york/eu-statement-un-general-assembly-briefing-secretary-general-his-priorities-2026_en,True,False,True,True,False,True,True,True,True,False,False,False,False,False,False,True,True,True,False
2026-01-14,EU Statement -- UN General Assembly: Briefing by the President of the GA on priorities for the resumed part of the 80th session,https://www.eeas.europa.eu/delegations/un-new-york/eu-statement-un-general-assembly-briefing-president-ga-priorities-resumed-part-80th-session_en,True,False,True,True,False,True,True,True,True,True,False,False,False,False,False,True,True,True,False
2026-01-12,EU Statement - UN Security Council: Maintenance of peace and security in Ukraine,https://www.eeas.europa.eu/delegations/un-new-york/eu-statement-un-security-council-maintenance-peace-and-security-ukraine-4_en,False,False,False,False,False,False,False,False,False,False,False,False,False,False,False,False,False,False,False
2026-01-12,EU Statement - Arria Formula Meeting: Advancing New Paradigms for Peacebuilding: Fortifying Inclusive and Sustainable Approaches to Peacemaking,https://www.eeas.europa.eu/delegations/un-new-york/eu-statement-arria-formula-meeting-advancing-new-paradigms-peacebuilding-fortifying-inclusive-and_en,True,False,True,True,False,True,True,True,True,True,False,False,True,True,False,False,False,False,False
2025-12-30,"EU Statement -- UN General Assembly, Fifth Committee Main Session: Formal Closing Meeting",https://www.eeas.europa.eu/delegations/un-new-york/eu-statement-un-general-assembly-fifth-committee-main-session-formal-closing-meeting_en,False,False,False,False,False,False,False,False,False,False,False,False,False,False,False,False,False,False,False
2025-12-23,EU Statement – UN Security Council: Briefing on Non-proliferation,https://www.eeas.europa.eu/delegations/un-new-york/eu-statement-%E2%80%93-un-security-council-briefing-non-proliferation_en,False,False,False,False,False,False,False,False,False,False,False,False,False,False,False,False,False,False,False
2025-12-17,EU Remarks by Ambassador Samson at the Roundtable on Information Integrity in an Evolving AI Landscape,https://www.eeas.europa.eu/delegations/un-new-york/eu-remarks-ambassador-samson-roundtable-information-integrity-evolving-ai-landscape_en,False,False,False,False,False,False,False,False,False,False,False,False,False,False,False,False,False,False,False
2025-12-15,EU Statement – UN Peacebuilding Commission: Ambassadorial-Level Meeting on  the Peaceful Settlement of Border Disputes in Central Asia,https://www.eeas.europa.eu/delegations/un-new-york/eu-statement-%E2%80%93-un-peacebuilding-commission-ambassadorial-level-meeting-peaceful-settlement-border_en,False,False,False,False,False,False,False,False,False,False,False,False,False,False,False,False,False,False,False
2025-12-12,Roundtable on Information Integrity in an Evolving AI Landscape,https://www.eeas.europa.eu/delegations/un-new-york/roundtable-information-integrity-evolving-ai-landscape_en,False,False,False,False,False,False,False,False,False,False,False,False,False,False,False,False,False,False,False
2025-12-11,EU Statement – UN General Assembly: Informal meeting on the UN80 Initiative Workstream 2,https://www.eeas.europa.eu/delegations/un-new-york/eu-statement-%E2%80%93-un-general-assembly-informal-meeting-un80-initiative-workstream-2_en,True,True,True,True,False,True,True,True,True,True,False,False,False,False,False,False,True,True,False
2025-12-10,Human Rights Day: Statement by the High Representative on behalf of the European Union,https://www.eeas.europa.eu/delegations/un-new-york/human-rights-day-statement-high-representative-behalf-european-union_en,False,False,False,False,False,False,False,False,False,False,False,False,False,False,False,False,False,False,False
2025-12-08,EU Statement – UN General Assembly: High-Level Meeting on the 10th Anniversary of the International Day of Commemoration and Dignity of the Victims of Genocide,https://www.eeas.europa.eu/delegations/un-new-york/eu-statement-%E2%80%93-un-general-assembly-high-level-meeting-10th-anniversary-international-day_en,True,False,True,True,False,True,True,True,True,True,False,False,False,False,False,True,True,True,False
2025-12-04,"EU Statement -- UN General Assembly, Second Committee, Agenda item 18(f):  Sustainable mountain development",https://www.eeas.europa.eu/delegations/un-new-york/eu-statement-un-general-assembly-second-committee-agenda-item-18f-sustainable-mountain-development_en,True,False,True,True,False,True,True,True,True,False,False,False,False,False,False,True,False,True,False
2025-12-02,EU Statement - ECOSOC:  Meeting between the United Nations Resident Coordinators and Member States at the Ambassadorial level,https://www.eeas.europa.eu/delegations/un-new-york/eu-statement-ecosoc-meeting-between-united-nations-resident-coordinators-and-member-states_en,False,False,False,False,False,False,False,False,False,False,False,False,False,False,False,False,False,False,False
2025-12-01,EU Statement -- UN General Assembly: Fifth Committee (Items 136 and 148),https://www.eeas.europa.eu/delegations/un-new-york/eu-statement-un-general-assembly-fifth-committee-items-136-and-148_en,True,False,True,True,False,True,True,True,True,False,False,False,False,False,False,False,True,False,False
2025-11-26,EU General Statement – UN General Assembly 2nd Committee: Operational Activities for development of the UN system,https://www.eeas.europa.eu/delegations/un-new-york/eu-general-statement-%E2%80%93-un-general-assembly-2nd-committee-operational-activities-development-un_en,True,True,True,True,False,True,True,True,True,True,False,False,False,False,False,False,False,False,False
2025-11-26,"EU Statement -- UN General Assembly: Second Committee, Agenda item 18(f):  Implementation of the Convention on Biological Diversity and its contribution to sustainable development",https://www.eeas.europa.eu/delegations/un-new-york/eu-statement-un-general-assembly-second-committee-agenda-item-18f-implementation-convention_en,True,False,True,True,False,True,True,True,True,True,False,False,False,False,False,False,True,False,False
2025-11-26,EU Explanation of Position – UN General Assembly: before the vote on the amendment to the resolution on the Care Economy,https://www.eeas.europa.eu/delegations/un-new-york/eu-explanation-position-%E2%80%93-un-general-assembly-vote-amendment-resolution-care-economy_en,False,False,False,False,False,False,False,False,False,False,False,False,False,False,False,False,False,False,False
2025-11-26,EU Explanation of Vote – UN General Assembly 2nd Committee: Promotion of inclusive and effective international tax cooperation,https://www.eeas.europa.eu/delegations/un-new-york/eu-explanation-vote-%E2%80%93-un-general-assembly-2nd-committee-promotion-inclusive-and-effective_en,True,False,True,True,False,True,True,True,True,False,False,False,False,False,False,False,False,False,False
2025-11-26,EU Statement – UN General Assembly 2nd Committee: Information and communications technologies for sustainable development,https://www.eeas.europa.eu/delegations/un-new-york/eu-statement-%E2%80%93-un-general-assembly-2nd-committee-information-and-communications-technologies_en,True,False,True,True,True,True,True,True,True,True,False,False,False,False,False,True,True,False,False
2025-11-26,EU Statement – UN General Assembly 2nd Committee: before the vote on the Care Economy resolution,https://www.eeas.europa.eu/delegations/un-new-york/eu-statement-%E2%80%93-un-general-assembly-2nd-committee-vote-care-economy-resolution_en,True,False,True,True,False,True,True,True,True,True,True,False,False,False,False,False,False,False,False
2025-11-25,"EU Statement -- UN General Assembly, Second Committee, Agenda item 18(a): Promoting sustainable consumption and production patterns for the implementation of the 2030 Agenda for Sustainable Development",https://www.eeas.europa.eu/delegations/un-new-york/eu-statement-un-general-assembly-second-committee-agenda-item-18a-promoting-sustainable-consumption_en,True,False,True,True,True,True,True,True,True,True,False,False,False,False,False,False,True,False,False
2025-11-25,EU Statement – UN General Assembly 2nd Committee: South-South Cooperation for Development,https://www.eeas.europa.eu/delegations/un-new-york/eu-statement-%E2%80%93-un-general-assembly-2nd-committee-south-south-cooperation-development_en,True,False,True,True,False,True,True,True,True,False,False,False,False,False,False,False,False,False,False
2025-11-24,Joint Statement on International Day for the Elimination of Violence against Women,https://www.eeas.europa.eu/delegations/un-new-york/joint-statement-international-day-elimination-violence-against-women_en,False,False,False,False,False,False,False,False,False,False,False,False,False,False,False,False,False,False,False
2025-11-21,EU Explanation of Vote – UN General Assembly 3rd Committee: Amendment on the resolution on the Strengthening the UN Crime Prevention and Criminal Justice Programme,https://www.eeas.europa.eu/delegations/un-new-york/eu-explanation-vote-%E2%80%93-un-general-assembly-3rd-committee-amendment-resolution-strengthening-un-crime_en,False,False,False,False,False,False,False,False,False,False,False,False,False,False,False,False,False,False,False
2025-11-21,EU Explanation of Vote – UN General Assembly 3rd Committee: Amendments on the Rights of the Child resolution,https://www.eeas.europa.eu/delegations/un-new-york/eu-explanation-vote-%E2%80%93-un-general-assembly-3rd-committee-amendments-rights-child-resolution-0_en,False,False,False,False,False,False,False,False,False,False,False,False,False,False,False,False,False,False,False
2025-11-15,EU Statement – UN Informal Ad-hoc Working Group on UN80: Mandate Implementation,https://www.eeas.europa.eu/delegations/un-new-york/eu-statement-%E2%80%93-un-informal-ad-hoc-working-group-un80-mandate-implementation_en,True,True,True,True,False,True,True,True,True,True,False,False,False,True,False,False,True,True,False
2025-11-07,EU General Statement – UN General Assembly 1st Committee: Before the vote on Cluster VI (Regional disarmament and security) on Strengthening of security and cooperation in the Mediterranean region,https://www.eeas.europa.eu/delegations/un-new-york/eu-general-statement-%E2%80%93-un-general-assembly-1st-committee-vote-cluster-vi-regional-disarmament-and_en,True,False,True,True,False,True,True,True,True,False,True,False,True,False,False,False,False,True,False
2025-11-07,EU Explanation of Vote – UN General Assembly 1st Committee: Before the vote on the Report of the Conference on Disarmament,https://www.eeas.europa.eu/delegations/un-new-york/eu-explanation-vote-%E2%80%93-un-general-assembly-1st-committee-vote-report-conference-disarmament_en,True,False,True,True,False,True,False,True,True,False,True,False,True,False,False,False,False,True,False
2025-11-04,EU Explanation of Vote – UN General Assembly 1st Committee: Before the vote on Cluster III (Outer space) on No First Placement of Weapons in Outer Space and Prevention of an Arms Race in Outer Space,https://www.eeas.europa.eu/delegations/un-new-york/eu-explanation-vote-%E2%80%93-un-general-assembly-1st-committee-vote-cluster-iii-outer-space-no-first_en,True,False,True,True,False,True,True,True,True,False,True,False,False,False,False,False,False,True,False
2025-11-03,EU Statement – UN General Assembly 4th Committee: Questions related to information,https://www.eeas.europa.eu/delegations/un-new-york/eu-statement-%E2%80%93-un-general-assembly-4th-committee-questions-related-information_en,True,False,True,True,True,True,False,True,True,True,False,False,False,False,False,False,False,True,False
2025-10-31,EU Statement – UN General Assembly: Report of the Human Rights Council,https://www.eeas.europa.eu/delegations/un-new-york/eu-statement-%E2%80%93-un-general-assembly-report-human-rights-council-1_en,True,False,True,True,False,True,True,True,True,False,False,False,False,False,False,False,False,False,False
2025-10-30,EU Statement – UN General Assembly: Report of the International Court of Justice,https://www.eeas.europa.eu/delegations/un-new-york/eu-statement-%E2%80%93-un-general-assembly-report-international-court-justice-1_en,True,False,True,True,False,True,True,True,True,False,False,False,False,False,False,True,True,False,False
2025-10-29,EU Statement – UN Open Briefing: UN Security council 1540 Committee,https://www.eeas.europa.eu/delegations/un-new-york/eu-statement-%E2%80%93-un-open-briefing-un-security-council-1540-committee_en,True,False,True,True,False,True,True,True,True,True,False,False,False,False,False,False,False,False,False
2025-10-29,EU Statement – UN General Assembly 5th Committee: Special Political Missions,https://www.eeas.europa.eu/delegations/un-new-york/eu-statement-%E2%80%93-un-general-assembly-5th-committee-special-political-missions-1_en,True,False,True,True,True,True,True,True,True,True,False,False,False,False,False,False,True,True,False
2025-10-27,EU Statements – UN General Assembly 6th Committee: Cluster I: Report of the ILC on the work of its 76th session,https://www.eeas.europa.eu/delegations/un-new-york/eu-statements-%E2%80%93-un-general-assembly-6th-committee-cluster-i-report-ilc-work-its-76th-session_en,False,False,False,False,False,False,False,False,False,False,False,False,False,False,False,False,False,False,False
2025-10-25,EU Statement – UN General Assembly 3rd Committee: Interactive dialogue on the right to education,https://www.eeas.europa.eu/delegations/un-new-york/eu-statement-%E2%80%93-un-general-assembly-3rd-committee-interactive-dialogue-right-education-0_en,False,False,False,False,False,False,False,False,False,False,False,False,False,False,False,False,False,False,False
2025-10-23,EU Statement – UN General Assembly 6th Committee: International Residual Mechanism for Criminal Tribunals,https://www.eeas.europa.eu/delegations/un-new-york/eu-statement-%E2%80%93-un-general-assembly-6th-committee-international-residual-mechanism-criminal-tribunals-2_en,True,False,True,True,False,True,False,True,True,True,False,False,False,True,False,False,True,False,False
2025-10-21,EU Statement – UN General Assembly 6th Committee: Administration of Justice at the UN,https://www.eeas.europa.eu/delegations/un-new-york/eu-statement-%E2%80%93-un-general-assembly-6th-committee-administration-justice-un-0_en,True,False,True,True,True,True,False,True,True,True,False,False,False,True,False,False,True,False,False
2025-10-21,EU Statement – UN General Assembly 6th Committee: Universal Jurisdiction,https://www.eeas.europa.eu/delegations/un-new-york/eu-statement-%E2%80%93-un-general-assembly-6th-committee-universal-jurisdiction_en,True,False,False,True,False,True,False,False,True,False,False,False,False,False,False,False,True,False,False
2025-10-21,EU Statement – UN General Assembly 6th Committee: Report of the UN Commission on International Trade Law (UNCITRAL),https://www.eeas.europa.eu/delegations/un-new-york/eu-statement-%E2%80%93-un-general-assembly-6th-committee-report-un-commission-international-trade-law-1_en,False,False,False,False,False,False,False,False,False,False,False,False,False,False,False,False,False,False,False
2025-10-18,EU Statement – UN General Assembly 5th Committee: Programme plan and programme budget for 2026,https://www.eeas.europa.eu/delegations/un-new-york/eu-statement-%E2%80%93-un-general-assembly-5th-committee-programme-plan-and-programme-budget-2026_en,True,False,False,True,True,True,True,True,True,True,False,False,False,True,False,True,True,True,False
2025-10-18,EU Statement – UN General Assembly 6th Committee: Report of the Special Committee on the UN Charter and on the Strengthening of the Role of the Organization,https://www.eeas.europa.eu/delegations/un-new-york/eu-statement-%E2%80%93-un-general-assembly-6th-committee-report-special-committee-un-charter-and_en,True,False,True,True,False,True,True,True,True,True,False,False,False,False,False,False,True,False,False
2025-10-17,EU Statement – UN General Assembly Plenary: From the New Partnership for Africa’s Development to Agenda 2063,https://www.eeas.europa.eu/delegations/un-new-york/eu-statement-%E2%80%93-un-general-assembly-plenary-new-partnership-africa%E2%80%99s-development-agenda-2063_en,True,False,True,True,False,True,True,True,True,True,False,False,False,True,False,False,False,False,False
2025-10-15,EU Statement – UN General Assembly 6th Committee: Protection of Persons in the event of disasters,https://www.eeas.europa.eu/delegations/un-new-york/eu-statement-%E2%80%93-un-general-assembly-6th-committee-protection-persons-event-disasters-0_en,True,False,True,True,True,True,False,True,True,True,False,False,False,True,False,False,True,False,False
2025-10-15,EU Statement – UN General Assembly: Report of the Secretary-General on the UN80 Initiative,https://www.eeas.europa.eu/delegations/un-new-york/eu-statement-%E2%80%93-un-general-assembly-report-secretary-general-un80-initiative_en,True,True,True,True,True,True,True,True,True,True,False,False,False,True,False,True,True,True,False
2025-10-14,EU Statement – UN General Assembly 6th Committee: Crimes against humanity,https://www.eeas.europa.eu/delegations/un-new-york/eu-statement-%E2%80%93-un-general-assembly-6th-committee-crimes-against-humanity-2_en,True,False,True,True,True,True,False,True,True,True,False,False,False,True,False,False,True,True,False
2025-10-10,EU Statement – UN General Assembly 6th Committee: Criminal accountability of UN officials and experts on mission,https://www.eeas.europa.eu/delegations/un-new-york/eu-statement-%E2%80%93-un-general-assembly-6th-committee-criminal-accountability-un-officials-and-experts-1_en,True,True,True,True,True,True,True,True,True,True,False,True,False,True,False,False,True,False,False
2025-10-09,EU Statement – UN General Assembly 6th Committee: Rule of Law,https://www.eeas.europa.eu/delegations/un-new-york/eu-statement-%E2%80%93-un-general-assembly-6th-committee-rule-law-0_en,True,False,True,True,False,True,False,True,True,True,False,False,False,False,False,False,True,True,False
2025-10-07,EU Statement – UN General Assembly 6th Committee: Revitalisation of the work of the GA,https://www.eeas.europa.eu/delegations/un-new-york/eu-statement-%E2%80%93-un-general-assembly-6th-committee-revitalisation-work-ga_en,True,False,True,True,True,True,True,True,True,True,False,False,False,True,False,False,True,True,False
2025-10-06,EU Statement – UN General Assembly 5th Committee: Organisation of Work,https://www.eeas.europa.eu/delegations/un-new-york/eu-statement-%E2%80%93-un-general-assembly-5th-committee-organisation-work-0_en,True,True,True,True,False,True,True,True,True,True,True,False,False,True,False,True,True,True,False
2025-09-27,EU Statement – United Nations: Fourteenth Article XIV Conference in support of the Entry-into-Force of the Comprehensive Nuclear-Test-Ban Treaty  (CTBT),https://www.eeas.europa.eu/delegations/un-new-york/eu-statement-%E2%80%93-united-nations-fourteenth-article-xiv-conference-support-entry-force-comprehensive_en,True,False,False,True,False,True,True,True,True,True,False,False,True,False,False,True,True,True,False
2025-10-22,EU Statement – UN General Assemby 5th Committee: Improving the financial situation of the United Nations,https://www.eeas.europa.eu/delegations/un-new-york/eu-statement-%E2%80%93-un-general-assemby-5th-committee-improving-financial-situation-united-nations_en,True,False,False,True,True,True,True,True,True,True,True,False,False,False,False,True,True,True,False
2025-12-08,EU Statement – UN General Assembly: Oceans and Law of the Sea,https://www.eeas.europa.eu/delegations/un-new-york/eu-statement-%E2%80%93-un-general-assembly-oceans-and-law-sea-2_en,True,False,True,True,False,True,True,True,True,False,False,False,False,False,False,False,False,False,False
2025-11-26,"EU Statement -- UN General Assembly, Second Committee, Agenda 18 (a): Sustainable mountain development",https://www.eeas.europa.eu/delegations/un-new-york/eu-statement-un-general-assembly-second-committee-agenda-18-sustainable-mountain-development_en,True,False,True,True,False,True,True,True,True,False,False,False,False,False,False,True,False,True,False
2025-12-16,EU Statement – UN General Assembly: High-level meeting on the implementation of the outcomes of the World Summit on the Information Society (WSIS+20),https://www.eeas.europa.eu/delegations/un-new-york/eu-statement-%E2%80%93-un-general-assembly-high-level-meeting-implementation-outcomes-world-summit_en,True,False,True,True,True,False,True,True,True,True,False,False,False,True,False,True,False,True,False
2025-12-16,EU Explanation of Position – UN General Assembly: Political Declaration on Non-Communicable Diseases and Mental Health,https://www.eeas.europa.eu/delegations/un-new-york/eu-explanation-position-%E2%80%93-un-general-assembly-political-declaration-non-communicable-diseases-and_en,False,False,False,False,False,False,False,False,False,False,False,False,False,False,False,False,False,False,False
2025-12-15,EU Statement – UN Security Council: Leadership for Peace,https://www.eeas.europa.eu/delegations/un-new-york/eu-statement-%E2%80%93-un-security-council-leadership-peace_en,False,False,False,False,False,False,False,False,False,False,False,False,False,False,False,False,False,False,False
2025-12-09,EU Statement – UN General Assembly: Humanitarian General Debate,https://www.eeas.europa.eu/delegations/un-new-york/eu-statement-%E2%80%93-un-general-assembly-humanitarian-general-debate_en,True,False,True,True,False,True,True,True,True,True,False,False,False,False,False,True,True,True,False
2025-12-09,EU Statement – UN Security Council: Maintenance of peace and security of Ukraine,https://www.eeas.europa.eu/delegations/un-new-york/eu-statement-%E2%80%93-un-security-council-maintenance-peace-and-security-ukraine-15_en,False,False,False,False,False,False,False,False,False,False,False,False,False,False,False,False,False,False,False
2025-12-04,EU Statement -- UN General Assembly: Informal meeting of the plenary to commemorate and promote the International Day against Unilateral Coercive Measures,https://www.eeas.europa.eu/delegations/un-new-york/eu-statement-un-general-assembly-informal-meeting-plenary-commemorate-and-promote-international-day_en,True,False,True,True,False,False,True,True,True,False,False,False,False,False,False,False,False,False,False
2025-12-03,EU Statement -- UN General Assembly:  11th Emergency Special Session on Ukraine,https://www.eeas.europa.eu/delegations/un-new-york/eu-statement-un-general-assembly-11th-emergency-special-session-ukraine-0_en,False,False,False,False,False,False,False,False,False,False,False,False,False,False,False,False,False,False,False
2025-11-25,EU General Statement – UN General Assembly 2nd Committee: Development cooperation with middle-income countries,https://www.eeas.europa.eu/delegations/un-new-york/eu-general-statement-%E2%80%93-un-general-assembly-2nd-committee-development-cooperation-middle-income_en,True,False,True,True,False,True,True,True,True,True,False,False,False,False,False,False,False,False,False
2025-11-25,"EU Explanation of Position – UN General Assembly 2nd Committee: Science, technology and innovation for sustainable development",https://www.eeas.europa.eu/delegations/un-new-york/eu-explanation-position-%E2%80%93-un-general-assembly-2nd-committee-science-technology-and-innovation_en,True,False,True,True,True,True,True,True,True,False,False,False,False,False,False,False,False,False,False
2025-11-26,EU Explanation of Vote – UN General Assembly 2nd Committee: Cooperation to combat illicit financial flows and strengthen good practices on assets return,https://www.eeas.europa.eu/delegations/un-new-york/eu-explanation-vote-%E2%80%93-un-general-assembly-2nd-committee-cooperation-combat-illicit-financial-flows_en,True,False,True,True,False,True,True,True,True,False,False,False,False,False,False,False,False,False,False
2025-11-26,EU Explanation of vote – UN General Assembly 2nd Committee: Eradication Rural Poverty to Implement the 2030 Agenda,https://www.eeas.europa.eu/delegations/un-new-york/eu-explanation-vote-%E2%80%93-un-general-assembly-2nd-committee-eradication-rural-poverty-implement-2030_en,False,False,False,False,False,False,False,False,False,False,False,False,False,False,False,False,False,False,False
2025-11-26,EU Statements – UN General Assembly 2nd Committee: International Trade and Development,https://www.eeas.europa.eu/delegations/un-new-york/eu-statements-%E2%80%93-un-general-assembly-2nd-committee-international-trade-and-development_en,False,False,False,False,False,False,False,False,False,False,False,False,False,False,False,False,False,False,False
2025-11-26,EU General Statement – UN General Assembly 2nd Committee: Culture and Sustainable Development,https://www.eeas.europa.eu/delegations/un-new-york/eu-general-statement-%E2%80%93-un-general-assembly-2nd-committee-culture-and-sustainable-development_en,True,True,True,True,False,True,True,True,True,True,False,False,False,False,False,False,False,True,False
2025-11-24,EU Statement – UN General Assembly: UN global Plan of Action to Combat Trafficking in Persons,https://www.eeas.europa.eu/delegations/un-new-york/eu-statement-%E2%80%93-un-general-assembly-un-global-plan-action-combat-trafficking-persons_en,True,False,True,True,False,True,True,True,True,True,False,False,False,True,False,False,True,True,False
2025-11-25,EU General Statement – UN General Assembly 2nd Committee: UN Convention to Combat Desertification,https://www.eeas.europa.eu/delegations/un-new-york/eu-general-statement-%E2%80%93-un-general-assembly-2nd-committee-un-convention-combat-desertification-1_en,True,True,True,True,True,True,True,True,True,True,False,False,False,False,False,False,False,False,False
2025-11-25,EU Statement – UN General Assembly 2nd Committee: Implementation of the Third UN Decade for the Eradication of Poverty,https://www.eeas.europa.eu/delegations/un-new-york/eu-statement-%E2%80%93-un-general-assembly-2nd-committee-implementation-third-un-decade-eradication-poverty_en,True,True,True,True,True,True,True,True,True,True,False,False,False,False,False,True,False,True,False
2025-11-25,EU Explanation of Vote – UN General Assembly 2nd Committee: after action on the resolution for Protection of global climate,https://www.eeas.europa.eu/delegations/un-new-york/eu-explanation-vote-%E2%80%93-un-general-assembly-2nd-committee-after-action-resolution-protection-global_en,True,False,True,True,False,True,True,True,True,True,False,False,False,False,False,False,False,False,False
2025-11-25,EU General Statement – UN General Assembly 2nd Committee: Follow-up to the Antigua and Barbuda Agenda for Small Island Developing States,https://www.eeas.europa.eu/delegations/un-new-york/eu-general-statement-%E2%80%93-un-general-assembly-2nd-committee-follow-antigua-and-barbuda-agenda-small_en,True,False,True,True,True,True,True,True,True,False,False,False,False,False,False,False,True,False,False
2025-11-19,EU Statement – UN General Assembly: Building a peaceful and better world through sport and the Olympic ideal Resolution,https://www.eeas.europa.eu/delegations/un-new-york/eu-statement-%E2%80%93-un-general-assembly-building-peaceful-and-better-world-through-sport-and-olympic_en,True,False,True,True,True,True,False,False,True,False,False,False,False,False,False,False,False,False,False
2025-11-21,EU Statement – UN Security Council Arria formula meeting: Protection of Seafarers,https://www.eeas.europa.eu/delegations/un-new-york/eu-statement-%E2%80%93-un-security-council-arria-formula-meeting-protection-seafarers_en,True,False,True,True,False,True,True,False,True,True,False,False,False,False,False,False,False,False,False
2025-11-21,EU Explanation of Vote – UN General Assembly 3rd Committee: Amendments on the Rights of the Child resolution,https://www.eeas.europa.eu/delegations/un-new-york/eu-explanation-vote-%E2%80%93-un-general-assembly-3rd-committee-amendments-rights-child-resolution_en,False,False,False,False,False,False,False,False,False,False,False,False,False,False,False,False,False,False,False
2025-11-15,EU Explanation of Vote – UN General Assembly 3rd Committee: After the vote on the draft resolution on Human rights and unilateral coercive measures,https://www.eeas.europa.eu/delegations/un-new-york/eu-explanation-vote-%E2%80%93-un-general-assembly-3rd-committee-after-vote-draft-resolution-human-rights-and_en,True,False,True,True,False,True,True,True,True,True,False,False,False,False,False,False,False,False,False
2025-11-21,EU Explanation of Vote – UN General Assembly: Before the vote on the resolution on Torture,https://www.eeas.europa.eu/delegations/un-new-york/eu-explanation-vote-%E2%80%93-un-general-assembly-vote-resolution-torture_en,False,False,False,False,False,False,False,False,False,False,False,False,False,False,False,False,False,False,False
2025-11-21,EU Explanation of Position – UN General Assembly 3rd Committee: After adoption of the resolution on the 30th anniversary of the International Year of the Family and beyond,https://www.eeas.europa.eu/delegations/un-new-york/eu-explanation-position-%E2%80%93-un-general-assembly-3rd-committee-after-adoption-resolution-30th_en,True,False,True,True,True,True,False,True,False,False,False,False,False,False,False,False,False,False,False
2025-11-21,EU Explanation of Votes – UN General Assembly: Rights of persons with disabilities,https://www.eeas.europa.eu/delegations/un-new-york/eu-explanation-votes-%E2%80%93-un-general-assembly-rights-persons-disabilities_en,True,False,True,True,True,True,True,True,True,False,False,False,False,False,False,False,False,False,False
2025-11-21,EU Explanation of Vote – UN General Assembly: After adoption of the resolution on Implementation of the outcome of the World Summit for Social Development,https://www.eeas.europa.eu/delegations/un-new-york/eu-explanation-vote-%E2%80%93-un-general-assembly-after-adoption-resolution-implementation-outcome-world_en,False,False,False,False,False,False,False,False,False,False,False,False,False,False,False,False,False,False,False
2025-11-15,EU Explanation of Votes – UN General Assembly 3rd Committee: Before the vote on amendment L. 56 on the resolution on glorification of Nazism,https://www.eeas.europa.eu/delegations/un-new-york/eu-explanation-votes-%E2%80%93-un-general-assembly-3rd-committee-vote-amendment-l-56-resolution_en,True,False,True,True,False,True,True,True,True,True,False,False,False,False,False,False,False,True,False
2025-11-15,EU Explanation of Vote – UN General Assembly 3rd Committee: After the vote on the draft resolution on the Right to Development,https://www.eeas.europa.eu/delegations/un-new-york/eu-explanation-vote-%E2%80%93-un-general-assembly-3rd-committee-after-vote-draft-resolution-right_en,True,False,True,True,False,True,True,True,True,True,False,False,False,False,False,False,False,False,False
2025-11-20,"EU Explanation of Vote – UN General Assembly: Before the vote on the resolution on human rights in the temporarily occupied territories of Ukraine, including Crimea and Sevastopol",https://www.eeas.europa.eu/delegations/un-new-york/eu-explanation-vote-%E2%80%93-un-general-assembly-vote-resolution-human-rights-temporarily-occupied_en,True,False,True,True,False,True,True,True,True,True,False,False,False,False,False,False,False,True,False
2025-11-20,EU Explanation of Vote – UN General Assembly: Before the vote on human rights in Iran,https://www.eeas.europa.eu/delegations/un-new-york/eu-explanation-vote-%E2%80%93-un-general-assembly-vote-human-rights-iran_en,True,False,True,True,False,True,False,True,False,False,False,False,False,False,False,False,False,False,False
2025-11-20,EU Explanation of Vote – UN General Assembly: After adoption of the resolution on human rights in Syria,https://www.eeas.europa.eu/delegations/un-new-york/eu-explanation-vote-%E2%80%93-un-general-assembly-after-adoption-resolution-human-rights-syria_en,True,False,True,True,False,True,True,True,True,False,False,False,True,False,False,False,False,True,False
2025-11-20,EU Statement – UN Security Council: Ukraine,https://www.eeas.europa.eu/delegations/un-new-york/eu-statement-%E2%80%93-un-security-council-ukraine-9_en,False,False,False,False,False,False,False,False,False,False,False,False,False,False,False,False,False,False,False
2025-11-18,UN General Assembly - Third Committee:  EU EoV draft resolution L.24 Report of the Human Rights Council,https://www.eeas.europa.eu/delegations/un-new-york/un-general-assembly-third-committee-eu-eov-draft-resolution-l24-report-human-rights-council_en,False,False,False,False,False,False,False,False,False,False,False,False,False,False,False,False,False,False,False
2025-11-19,EU General Statement – UN General Assembly: After adoption of the resolution on the human rights of Rohingya Muslims,https://www.eeas.europa.eu/delegations/un-new-york/eu-general-statement-%E2%80%93-un-general-assembly-after-adoption-resolution-human-rights-rohingya-muslims_en,False,False,False,False,False,False,False,False,False,False,False,False,False,False,False,False,False,False,False
2025-11-19,EU Explanation of Vote – UN General Assembly: Resolution on the human rights to safe drinking water and sanitation,https://www.eeas.europa.eu/delegations/un-new-york/eu-explanation-vote-%E2%80%93-un-general-assembly-resolution-human-rights-safe-drinking-water-and-sanitation_en,False,False,False,False,False,False,False,False,False,False,False,False,False,False,False,False,False,False,False
2025-11-19,EU Explanation of Vote – UN General Assembly: Right of peoples to self-determination,https://www.eeas.europa.eu/delegations/un-new-york/eu-explanation-vote-%E2%80%93-un-general-assembly-right-peoples-self-determination_en,False,False,False,False,False,False,False,False,False,False,False,False,False,False,False,False,False,False,False
2025-11-17,EU Statement -- UN Security Council: Open Debate on Conflict-related Hunger,https://www.eeas.europa.eu/delegations/un-new-york/eu-statement-un-security-council-open-debate-conflict-related-hunger_en,True,False,True,True,False,True,True,True,True,True,False,False,False,False,False,True,False,True,False
2025-11-17,EU Statement -- UN General Assembly: Statement in favour of the confirmation of Alexander de Croo as UNDP Administrator,https://www.eeas.europa.eu/delegations/un-new-york/eu-statement-un-general-assembly-statement-favour-confirmation-alexander-de-croo-undp-administrator_en,False,False,False,False,False,False,False,False,False,False,False,False,False,False,False,False,False,False,False
2025-11-15,"UN General Assembly- 3C: Combating glorification of Nazism, neo-Nazism and other practices that contribute to fuelling contemporary forms of racism, racial discrimination, xenophobia and related intolerance",https://www.eeas.europa.eu/delegations/un-new-york/un-general-assembly-3c-combating-glorification-nazism-neo-nazism-and-other-practices-contribute_en,True,False,True,True,False,True,True,True,True,True,False,False,False,False,False,False,False,True,False
2025-10-29,EU Statement – UN General Assembly: Report of the IAEA,https://www.eeas.europa.eu/delegations/un-new-york/eu-statement-%E2%80%93-un-general-assembly-report-iaea-2_en,False,False,False,False,False,False,False,False,False,False,False,False,False,False,False,False,False,False,False
2025-11-13,EU Statement -- UN General Assembly 4th Committee: UNRWA General Debate,https://www.eeas.europa.eu/delegations/un-new-york/eu-statement-un-general-assembly-4th-committee-unrwa-general-debate_en,True,False,True,True,False,True,False,True,True,False,False,False,False,True,False,False,True,True,False
2025-11-13,EU Statement -- UN General Assembly 4th Committee: Interactive Dialogue with UNRWA Commissioner-General,https://www.eeas.europa.eu/delegations/un-new-york/eu-statement-un-general-assembly-4th-committee-interactive-dialogue-unrwa-commissioner-general_en,True,False,True,True,False,True,False,True,True,False,False,False,False,True,False,False,True,True,False
2025-11-13,EU Statement -- UN General Assembly: Joint debate item 120 &amp; 121 (GA Revitalization),https://www.eeas.europa.eu/delegations/un-new-york/eu-statement-un-general-assembly-joint-debate-item-120-121-ga-revitalization_en,True,False,True,True,False,True,True,True,True,True,False,False,False,False,False,False,False,True,False
2025-11-12,EU Statement – UN General Assembly: Report of the International Criminal Court,https://www.eeas.europa.eu/delegations/un-new-york/eu-statement-%E2%80%93-un-general-assembly-report-international-criminal-court-1_en,False,False,False,False,False,False,False,False,False,False,False,False,False,False,False,False,False,False,False
2025-11-11,EU Statement – UN General Assembly 5th Committee: Working Methods,https://www.eeas.europa.eu/delegations/un-new-york/eu-statement-%E2%80%93-un-general-assembly-5th-committee-working-methods_en,False,False,False,False,False,False,False,False,False,False,False,False,False,False,False,False,False,False,False
2025-11-10,EU Explanation of Vote – UN General Assembly 4th Committee: Questions relating to information: draft resolution A – Information in the service of humanity &amp; draft resolution B – United Nations global communications policies and activities,https://www.eeas.europa.eu/delegations/un-new-york/eu-explanation-vote-%E2%80%93-un-general-assembly-4th-committee-questions-relating-information-draft_en,False,False,False,False,False,False,False,False,False,False,False,False,False,False,False,False,False,False,False
2025-11-10,EU Statement – UN Security Council Open Debate: Small Arms and Light Weapons,https://www.eeas.europa.eu/delegations/un-new-york/eu-statement-%E2%80%93-un-security-council-open-debate-small-arms-and-light-weapons_en,True,False,True,True,False,True,True,True,True,True,False,False,False,False,False,False,False,True,False
2025-11-10,EU Statement – UN General Assembly 4th Committee: Comprehensive review of peacekeeping operations,https://www.eeas.europa.eu/delegations/un-new-york/eu-statement-%E2%80%93-un-general-assembly-4th-committee-comprehensive-review-peacekeeping-operations-1_en,True,False,True,True,True,True,False,True,True,True,False,False,False,False,False,False,False,True,False
2025-11-07,EU Statement – UN General Assembly 6th Committee: Report of the Committee on Relations with the Host Country,https://www.eeas.europa.eu/delegations/un-new-york/eu-statement-%E2%80%93-un-general-assembly-6th-committee-report-committee-relations-host-country_en,True,False,False,True,True,False,False,False,True,False,False,False,False,True,False,False,False,False,False
2025-11-06,EU Statement – UN General Assembly: Explanation of Position on the World Social Summit Political Declaration,https://www.eeas.europa.eu/delegations/un-new-york/eu-statement-%E2%80%93-un-general-assembly-explanation-position-world-social-summit-political-declaration_en,False,False,False,False,False,False,False,False,False,False,False,False,False,False,False,False,False,False,False
2025-11-06,EU Statement – UN General Assembly 3rd Committee: Interactive dialogue on People of African Descent,https://www.eeas.europa.eu/delegations/un-new-york/eu-statement-%E2%80%93-un-general-assembly-3rd-committee-interactive-dialogue-people-african-descent-0_en,False,False,False,False,False,False,False,False,False,False,False,False,False,False,False,False,False,False,False
2025-11-06,EU Statement – UN General Assembly 3rd Committee: Interactive dialogue on the sse of Mercenaries,https://www.eeas.europa.eu/delegations/un-new-york/eu-statement-%E2%80%93-un-general-assembly-3rd-committee-interactive-dialogue-sse-mercenaries_en,False,False,False,False,False,False,False,False,False,False,False,False,False,False,False,False,False,False,False
2025-11-06,EU Statement – UN General Assembly 3rd Committee: Report of the UN High Commissioner for Refugees,https://www.eeas.europa.eu/delegations/un-new-york/eu-statement-%E2%80%93-un-general-assembly-3rd-committee-report-un-high-commissioner-refugees-0_en,False,False,False,False,False,False,False,False,False,False,False,False,False,False,False,False,False,False,False
2025-11-05,EU Statement – UN General Assembly 3rd Committee: Interactive dialogue on the Durban Declaration and Programme of Action,https://www.eeas.europa.eu/delegations/un-new-york/eu-statement-%E2%80%93-un-general-assembly-3rd-committee-interactive-dialogue-durban-declaration-and-0_en,False,False,False,False,False,False,False,False,False,False,False,False,False,False,False,False,False,False,False
2025-10-28,EU Statement – UN General Assembly 1st Committee: Cluster VI (Disarmament Machinery),https://www.eeas.europa.eu/delegations/un-new-york/eu-statement-%E2%80%93-un-general-assembly-1st-committee-cluster-vi-disarmament-machinery_en,True,False,True,True,False,True,True,True,True,True,True,False,True,False,False,False,True,True,False
2025-11-03,EU Statement – UN General Assembly 3rd Committee: Interactive dialogue on discrimination based on sexual orientation and gender identity,https://www.eeas.europa.eu/delegations/un-new-york/eu-statement-%E2%80%93-un-general-assembly-3rd-committee-interactive-dialogue-discrimination-based-sexual_en,False,False,False,False,False,False,False,False,False,False,False,False,False,False,False,False,False,False,False
2025-11-04,EU Statement – UN General Assembly 3rd Committee: Interactive dialogue on the human rights of persons with albinism,https://www.eeas.europa.eu/delegations/un-new-york/eu-statement-%E2%80%93-un-general-assembly-3rd-committee-interactive-dialogue-human-rights-persons-albinism-1_en,False,False,False,False,False,False,False,False,False,False,False,False,False,False,False,False,False,False,False
2025-11-04,EU Statement – World Social Summit: Plenary,https://www.eeas.europa.eu/delegations/un-new-york/eu-statement-%E2%80%93-world-social-summit-plenary_en,True,False,True,True,True,True,True,True,True,True,False,False,False,False,False,False,False,False,False
2025-10-31,"EU Statement – UN General Assembly 3rd Committee: Interactive dialogue on trafficking in persons, especially women and children",https://www.eeas.europa.eu/delegations/un-new-york/eu-statement-%E2%80%93-un-general-assembly-3rd-committee-interactive-dialogue-trafficking-persons-especially-0_en,False,False,False,False,False,False,False,False,False,False,False,False,False,False,False,False,False,False,False
2025-10-31,EU Statement – UN Security Council: Debate on Bosnia and Herzegovina,https://www.eeas.europa.eu/delegations/un-new-york/eu-statement-%E2%80%93-un-security-council-debate-bosnia-and-herzegovina-0_en,True,True,True,True,False,True,True,True,True,False,False,False,True,True,False,False,False,False,False
2025-10-31,EU Statements – UN General Assembly 6th Committee: Cluster II: Report of the ILC on the work of its 76th session,https://www.eeas.europa.eu/delegations/un-new-york/eu-statements-%E2%80%93-un-general-assembly-6th-committee-cluster-ii-report-ilc-work-its-76th-session_en,False,False,False,False,False,False,False,False,False,False,False,False,False,False,False,False,False,False,False
2025-10-31,EU Statement – UN General Assembly 3rd Committee: Interactive dialogue on cultural rights,https://www.eeas.europa.eu/delegations/un-new-york/eu-statement-%E2%80%93-un-general-assembly-3rd-committee-interactive-dialogue-cultural-rights-0_en,False,False,False,False,False,False,False,False,False,False,False,False,False,False,False,False,False,False,False
2025-10-31,EU Statement – UN General Assembly 3rd Committee: Interactive dialogue on contemporary forms of slavery,https://www.eeas.europa.eu/delegations/un-new-york/eu-statement-%E2%80%93-un-general-assembly-3rd-committee-interactive-dialogue-contemporary-forms-slavery-0_en,False,False,False,False,False,False,False,False,False,False,False,False,False,False,False,False,False,False,False
2025-10-21,EU Statement – UN Security Council: Briefing on UNSCRs on UNMIK (UN Mission in Kosovo),https://www.eeas.europa.eu/delegations/un-new-york/eu-statement-%E2%80%93-un-security-council-briefing-unscrs-unmik-un-mission-kosovo_en,True,False,True,True,False,True,False,True,False,False,False,False,True,False,False,False,False,False,False
2025-10-30,EU Statement – UN General Assembly 3rd Committee: Interactive dialogue on human rights in Iran,https://www.eeas.europa.eu/delegations/un-new-york/eu-statement-%E2%80%93-un-general-assembly-3rd-committee-interactive-dialogue-human-rights-iran-0_en,False,False,False,False,False,False,False,False,False,False,False,False,False,False,False,False,False,False,False
2025-10-30,EU Statement – UN General Assembly 3rd Committee: Interactive dialogue on the Independent International Commission of Inquiry on Syria,https://www.eeas.europa.eu/delegations/un-new-york/eu-statement-%E2%80%93-un-general-assembly-3rd-committee-interactive-dialogue-independent-international-0_en,False,False,False,False,False,False,False,False,False,False,False,False,False,False,False,False,False,False,False
2025-10-30,EU Statement – UN General Assembly 3rd Committee: Interactive dialogue on human rights in Afghanistan,https://www.eeas.europa.eu/delegations/un-new-york/eu-statement-%E2%80%93-un-general-assembly-3rd-committee-interactive-dialogue-human-rights-afghanistan-0_en,False,False,False,False,False,False,False,False,False,False,False,False,False,False,False,False,False,False,False
2025-10-30,EU Statement – UN General Assembly 3rd Committee: Interactive dialogue with human rights experts on Nicaragua,https://www.eeas.europa.eu/delegations/un-new-york/eu-statement-%E2%80%93-un-general-assembly-3rd-committee-interactive-dialogue-human-rights-experts-nicaragua_en,False,False,False,False,False,False,False,False,False,False,False,False,False,False,False,False,False,False,False
2025-10-30,EU Statement – UN General Assembly 3rd Committee: Interactive dialogue on International Fact-Finding Mission for the Sudan,https://www.eeas.europa.eu/delegations/un-new-york/eu-statement-%E2%80%93-un-general-assembly-3rd-committee-interactive-dialogue-international-fact-finding_en,False,False,False,False,False,False,False,False,False,False,False,False,False,False,False,False,False,False,False
2025-10-29,EU Statement – UN General Assembly 3rd Committee: Interactive dialogue on human rights in Burundi,https://www.eeas.europa.eu/delegations/un-new-york/eu-statement-%E2%80%93-un-general-assembly-3rd-committee-interactive-dialogue-human-rights-burundi-0_en,False,False,False,False,False,False,False,False,False,False,False,False,False,False,False,False,False,False,False
2025-10-29,EU Statement – UN General Assembly 3rd Committee: Interactive dialogue on human rights in Eritrea,https://www.eeas.europa.eu/delegations/un-new-york/eu-statement-%E2%80%93-un-general-assembly-3rd-committee-interactive-dialogue-human-rights-eritrea-1_en,False,False,False,False,False,False,False,False,False,False,False,False,False,False,False,False,False,False,False
2025-10-29,EU Statement – UN General Assembly 3rd Committee: Interactive dialogue on human rights in South Sudan,https://www.eeas.europa.eu/delegations/un-new-york/eu-statement-%E2%80%93-un-general-assembly-3rd-committee-interactive-dialogue-human-rights-south-sudan-0_en,False,False,False,False,False,False,False,False,False,False,False,False,False,False,False,False,False,False,False
2025-10-29,EU Statement – UN General Assembly 4th Committee: Peaceful uses of outer space,https://www.eeas.europa.eu/delegations/un-new-york/eu-statement-%E2%80%93-un-general-assembly-4th-committee-peaceful-uses-outer-space-1_en,False,False,False,False,False,False,False,False,False,False,False,False,False,False,False,False,False,False,False
2025-10-29,Déclaration de l’UE - Assemblée Générale des Nations Unies 3e Commission : Dialogue interactif sur la République centrafricaine,https://www.eeas.europa.eu/delegations/un-new-york/d%C3%A9claration-de-l%E2%80%99ue-assembl%C3%A9e-g%C3%A9n%C3%A9rale-des-nations-unies-3e-commission-dialogue-interactif-sur-la_en,False,False,False,False,False,False,False,False,False,False,False,False,False,False,False,False,False,False,False
2025-10-29,EU Statement – UN General Assembly 3rd Committee: Interactive dialogue on human rights in Somalia,https://www.eeas.europa.eu/delegations/un-new-york/eu-statement-%E2%80%93-un-general-assembly-3rd-committee-interactive-dialogue-human-rights-somalia-0_en,False,False,False,False,False,False,False,False,False,False,False,False,False,False,False,False,False,False,False
2025-10-29,EU Statement – UN General Assembly 3rd Committee: Interactive dialogue on human rights in the DPRK,https://www.eeas.europa.eu/delegations/un-new-york/eu-statement-%E2%80%93-un-general-assembly-3rd-committee-interactive-dialogue-human-rights-dprk_en,False,False,False,False,False,False,False,False,False,False,False,False,False,False,False,False,False,False,False
2025-10-25,EU Statement – UN General Assembly 3rd Committee: Interactive dialogue on Freedom of Religion or Belief,https://www.eeas.europa.eu/delegations/un-new-york/eu-statement-%E2%80%93-un-general-assembly-3rd-committee-interactive-dialogue-freedom-religion-or-belief-0_en,False,False,False,False,False,False,False,False,False,False,False,False,False,False,False,False,False,False,False
2025-10-25,EU Statement – UN General Assembly 3rd Committee: Interactive dialoue on human rights and transnational corporations,https://www.eeas.europa.eu/delegations/un-new-york/eu-statement-%E2%80%93-un-general-assembly-3rd-committee-interactive-dialoue-human-rights-and-transnational_en,False,False,False,False,False,False,False,False,False,False,False,False,False,False,False,False,False,False,False
2025-10-28,EU Statement – UN General Assembly 3rd Committee: Interactive dialogue on human rights in Myanmar,https://www.eeas.europa.eu/delegations/un-new-york/eu-statement-%E2%80%93-un-general-assembly-3rd-committee-interactive-dialogue-human-rights-myanmar_en,False,False,False,False,False,False,False,False,False,False,False,False,False,False,False,False,False,False,False
2025-10-27,EU Statement – UN General Assembly 1st Committee: Regional Disarmament and Security,https://www.eeas.europa.eu/delegations/un-new-york/eu-statement-%E2%80%93-un-general-assembly-1st-committee-regional-disarmament-and-security-2_en,True,False,True,True,False,True,True,True,True,False,True,False,True,False,False,False,True,True,False
2025-10-23,"EU Statement -- UN Security Council: Open Debate on the situation in the Middle East, including the Palestinian question",https://www.eeas.europa.eu/delegations/un-new-york/eu-statement-un-security-council-open-debate-situation-middle-east-including-palestinian-question-0_en,True,False,True,True,False,True,True,True,True,False,False,True,False,False,False,True,False,True,False
2025-10-24,UN Security Council Open Debate: Maintenance of International Peace and Security –  The United Nations Organization - Looking into the future,https://www.eeas.europa.eu/delegations/un-new-york/un-security-council-open-debate-maintenance-international-peace-and-security-%E2%80%93-united-nations_en,False,False,False,False,False,False,False,False,False,False,False,False,False,False,False,False,False,False,False
2025-10-25,EU Statement – UN General Assembly 1st Committee: Other Weapons of Mass Destruction,https://www.eeas.europa.eu/delegations/un-new-york/eu-statement-%E2%80%93-un-general-assembly-1st-committee-other-weapons-mass-destruction-2_en,True,False,True,True,False,True,True,True,True,True,True,False,False,False,False,False,True,True,False
2025-10-25,EU Statement – UN General Assembly 1st Committee: Outer Space,https://www.eeas.europa.eu/delegations/un-new-york/eu-statement-%E2%80%93-un-general-assembly-1st-committee-outer-space-1_en,True,False,True,True,False,True,True,True,True,True,True,False,False,False,False,False,True,True,False
2025-10-27,EU Statement – UN General Assembly 3rd Committee: Interactive dialogue on the Right to Development,https://www.eeas.europa.eu/delegations/un-new-york/eu-statement-%E2%80%93-un-general-assembly-3rd-committee-interactive-dialogue-right-development-1_en,False,False,False,False,False,False,False,False,False,False,False,False,False,False,False,False,False,False,False
2025-10-27,EU Statement – UN General Assembly 1st Committee: Other Disarmament Measures and International Security,https://www.eeas.europa.eu/delegations/un-new-york/eu-statement-%E2%80%93-un-general-assembly-1st-committee-other-disarmament-measures-and-international_en,True,False,True,True,False,True,True,True,True,False,True,False,True,False,False,False,True,True,False
2025-10-24,EU Statement – UN General Assembly 4th Committee: Assistance in Mine Action,https://www.eeas.europa.eu/delegations/un-new-york/eu-statement-%E2%80%93-un-general-assembly-4th-committee-assistance-mine-action-0_en,False,False,False,False,False,False,False,False,False,False,False,False,False,False,False,False,False,False,False
2025-10-24,EU Statement – UN General Assembly 6th Committee: UN Programme of Assistance in International Law,https://www.eeas.europa.eu/delegations/un-new-york/eu-statement-%E2%80%93-un-general-assembly-6th-committee-un-programme-assistance-international-law-0_en,True,True,True,True,True,False,True,True,True,True,False,False,False,True,False,False,True,False,False
2025-10-27,EU Statement – UN General Assembly 3rd Committee: Interactive dialogue on human rights in Belarus,https://www.eeas.europa.eu/delegations/un-new-york/eu-statement-%E2%80%93-un-general-assembly-3rd-committee-interactive-dialogue-human-rights-belarus-0_en,False,False,False,False,False,False,False,False,False,False,False,False,False,False,False,False,False,False,False
2025-10-27,EU Statement – UN General Assembly 3rd Committee: Interactive dialogue on human rights in the Russian Federation,https://www.eeas.europa.eu/delegations/un-new-york/eu-statement-%E2%80%93-un-general-assembly-3rd-committee-interactive-dialogue-human-rights-russian-0_en,False,False,False,False,False,False,False,False,False,False,False,False,False,False,False,False,False,False,False
2025-10-27,EU Statement – UN General Assembly 3rd Committee: Interactive dialogue with the Commission of Inquiry on Ukraine,https://www.eeas.europa.eu/delegations/un-new-york/eu-statement-%E2%80%93-un-general-assembly-3rd-committee-interactive-dialogue-commission-inquiry-ukraine-0_en,False,False,False,False,False,False,False,False,False,False,False,False,False,False,False,False,False,False,False
2025-10-23,EU Statement -- UN General Assembly 6th Committee: Agenda Item 79,https://www.eeas.europa.eu/delegations/un-new-york/eu-statement-un-general-assembly-6th-committee-agenda-item-79_en,True,True,True,True,True,False,True,True,True,True,False,False,False,True,False,False,True,False,False
2025-10-23,EU Statement -- Consultations of the Informal Ad-hoc Working Group on UN80 – Mandate Creation,https://www.eeas.europa.eu/delegations/un-new-york/eu-statement-consultations-informal-ad-hoc-working-group-un80-%E2%80%93-mandate-creation_en,True,True,True,True,False,False,True,True,True,True,False,False,False,True,False,True,True,True,False
2025-10-23,EU Statement -- UN General Assembly 1st Committee:  Statement on Conventional Weapons,https://www.eeas.europa.eu/delegations/un-new-york/eu-statement-un-general-assembly-1st-committee-statement-conventional-weapons_en,True,False,True,True,False,True,True,True,True,True,True,False,False,False,False,False,True,False,False
2025-10-17,"EU Statement – UN General Assembly 3rd Committee: Interactive dialogue on the human right to a clean, healthy and sustainable environment and human rights in the context of climate change",https://www.eeas.europa.eu/delegations/un-new-york/eu-statement-%E2%80%93-un-general-assembly-3rd-committee-interactive-dialogue-human-right-clean-healthy-and-0_en,False,False,False,False,False,False,False,False,False,False,False,False,False,False,False,False,False,False,False
2025-10-17,EU Statement – UN General Assembly 3rd Committee: Interactive dialogue on adequate housing,https://www.eeas.europa.eu/delegations/un-new-york/eu-statement-%E2%80%93-un-general-assembly-3rd-committee-interactive-dialogue-adequate-housing-0_en,False,False,False,False,False,False,False,False,False,False,False,False,False,False,False,False,False,False,False
2025-10-18,EU Statement – UN General Assembly 3rd Committee: Interactive dialogue on unilateral coercive measures,https://www.eeas.europa.eu/delegations/un-new-york/eu-statement-%E2%80%93-un-general-assembly-3rd-committee-interactive-dialogue-unilateral-coercive-measures_en,False,False,False,False,False,False,False,False,False,False,False,False,False,False,False,False,False,False,False
2025-10-22,EU Statement – UN General Assembly 4th Committee: Revitalization of the work of the GA (working methods),https://www.eeas.europa.eu/delegations/un-new-york/eu-statement-%E2%80%93-un-general-assembly-4th-committee-revitalization-work-ga-working-methods_en,False,False,False,False,False,False,False,False,False,False,False,False,False,False,False,False,False,False,False
2025-10-22,EU Statement – UN General Assembly 3rd Committee: Interactive dialogue on freedom of expression and opinion,https://www.eeas.europa.eu/delegations/un-new-york/eu-statement-%E2%80%93-un-general-assembly-3rd-committee-interactive-dialogue-freedom-expression-and-opinion_en,False,False,False,False,False,False,False,False,False,False,False,False,False,False,False,False,False,False,False
2025-10-22,EU Statement – UN General Assembly 3rd Committee: Interactive dialogue on extreme poverty and human rights,https://www.eeas.europa.eu/delegations/un-new-york/eu-statement-%E2%80%93-un-general-assembly-3rd-committee-interactive-dialogue-extreme-poverty-and-human_en,False,False,False,False,False,False,False,False,False,False,False,False,False,False,False,False,False,False,False
2025-10-22,EU Statement – UN General Assembly 3rd Committee: Interactive dialogue on persons affected by leprosy,https://www.eeas.europa.eu/delegations/un-new-york/eu-statement-%E2%80%93-un-general-assembly-3rd-committee-interactive-dialogue-persons-affected-leprosy_en,False,False,False,False,False,False,False,False,False,False,False,False,False,False,False,False,False,False,False
2025-10-22,EU Statement – UN General Assembly 3rd Committee: Interactive dialogue on the right to health,https://www.eeas.europa.eu/delegations/un-new-york/eu-statement-%E2%80%93-un-general-assembly-3rd-committee-interactive-dialogue-right-health_en,False,False,False,False,False,False,False,False,False,False,False,False,False,False,False,False,False,False,False
2025-10-22,"EU Statement – UN General Assembly 3rd Committee: Interactive dialogue on extrajudicial, summary or arbitrary executions",https://www.eeas.europa.eu/delegations/un-new-york/eu-statement-%E2%80%93-un-general-assembly-3rd-committee-interactive-dialogue-extrajudicial-summary-or-0_en,False,False,False,False,False,False,False,False,False,False,False,False,False,False,False,False,False,False,False
2025-10-22,EU Statement – UN General Assembly 3rd Committee : Interactive dialogue on the independence of judges and lawyers,https://www.eeas.europa.eu/delegations/un-new-york/eu-statement-%E2%80%93-un-general-assembly-3rd-committee-interactive-dialogue-independence-judges-and-0_en,False,False,False,False,False,False,False,False,False,False,False,False,False,False,False,False,False,False,False
2025-10-22,EU Statement – UN General Assembly 4th Committee: Effects of Atomic Radiation,https://www.eeas.europa.eu/delegations/un-new-york/eu-statement-%E2%80%93-un-general-assembly-4th-committee-effects-atomic-radiation-1_en,True,True,True,True,True,True,True,True,True,True,False,False,True,False,False,False,True,True,False
2025-10-16,"EU Statement -- UN General Assembly 3rd Committee: Interactive Dialogue with the Director of the Sustainable Development Unit, Executive Office of the UN Secretary-General",https://www.eeas.europa.eu/delegations/un-new-york/eu-statement-un-general-assembly-3rd-committee-interactive-dialogue-director-sustainable-development_en,False,False,False,False,False,False,False,False,False,False,False,False,False,False,False,False,False,False,False
2025-10-17,EU Statement – UN General Assembly 1st Committee: Nuclear Weapons,https://www.eeas.europa.eu/delegations/un-new-york/eu-statement-%E2%80%93-un-general-assembly-1st-committee-nuclear-weapons-1_en,True,False,True,True,False,True,True,True,True,False,True,False,False,False,False,False,True,True,False
2025-10-16,EU Statement – UN General Assembly 3rd Committee: Interactive dialogue with the High Commissioner for Human Rights,https://www.eeas.europa.eu/delegations/un-new-york/eu-statement-%E2%80%93-un-general-assembly-3rd-committee-interactive-dialogue-high-commissioner-human-rights-0_en,False,False,False,False,False,False,False,False,False,False,False,False,False,False,False,False,False,False,False
2025-10-16,EU Statement – UN General Assembly 3rd Committee: Interactive dialogue on the rights of peasants and other people working in rural areas,https://www.eeas.europa.eu/delegations/un-new-york/eu-statement-%E2%80%93-un-general-assembly-3rd-committee-interactive-dialogue-rights-peasants-and-other-0_en,False,False,False,False,False,False,False,False,False,False,False,False,False,False,False,False,False,False,False
2025-10-16,EU Statement – UN General Assembly 3rd Committee: Interactive dialogue with the Chair of the Human Rights Committee,https://www.eeas.europa.eu/delegations/un-new-york/eu-statement-%E2%80%93-un-general-assembly-3rd-committee-interactive-dialogue-chair-human-rights-committee_en,False,False,False,False,False,False,False,False,False,False,False,False,False,False,False,False,False,False,False
2025-10-16,"EU Statement – UN General Assembly 3rd Committee: Interactive dialogue on Economic, Social and Cultural Rights",https://www.eeas.europa.eu/delegations/un-new-york/eu-statement-%E2%80%93-un-general-assembly-3rd-committee-interactive-dialogue-economic-social-and-cultural_en,False,False,False,False,False,False,False,False,False,False,False,False,False,False,False,False,False,False,False
2025-10-15,EU Statement – UN General Assembly 3rd Committee: Interactive dialogue on Torture,https://www.eeas.europa.eu/delegations/un-new-york/eu-statement-%E2%80%93-un-general-assembly-3rd-committee-interactive-dialogue-torture_en,False,False,False,False,False,False,False,False,False,False,False,False,False,False,False,False,False,False,False
2025-10-15,EU Statement – UN General Assembly: WSIS+20 Review,https://www.eeas.europa.eu/delegations/un-new-york/eu-statement-%E2%80%93-un-general-assembly-wsis20-review_en,True,False,True,True,True,True,True,True,True,True,False,False,False,False,False,False,True,False,False
2025-10-01,A Child-Centred Response to the Sexual Exploitation of Children in Street Situations,https://www.eeas.europa.eu/delegations/un-new-york/child-centred-response-sexual-exploitation-children-street-situations_en,False,False,False,False,False,False,False,False,False,False,False,False,False,False,False,False,False,False,False
2025-10-14,EU Statement- UN General Assembly 3rd Committee: Interactive dialogue on the Rights of the Child,https://www.eeas.europa.eu/delegations/un-new-york/eu-statement-un-general-assembly-3rd-committee-interactive-dialogue-rights-child_en,False,False,False,False,False,False,False,False,False,False,False,False,False,False,False,False,False,False,False
2025-10-14,EU Statement – UN General Assembly 3rd Committee: Interactive dialogue with the UN Office on Drugs and Crime,https://www.eeas.europa.eu/delegations/un-new-york/eu-statement-%E2%80%93-un-general-assembly-3rd-committee-interactive-dialogue-un-office-drugs-and-crime_en,False,False,False,False,False,False,False,False,False,False,False,False,False,False,False,False,False,False,False
2025-10-14,EU Statement – UN General Assembly 3rd Committee: Interactive dialogue on Indigenous Peoples,https://www.eeas.europa.eu/delegations/un-new-york/eu-statement-%E2%80%93-un-general-assembly-3rd-committee-interactive-dialogue-indigenous-peoples_en,False,False,False,False,False,False,False,False,False,False,False,False,False,False,False,False,False,False,False
2025-10-14,EU Statement – UN General Assembly and ECOSOC: Reimagining Public–Investor Partnerships,https://www.eeas.europa.eu/delegations/un-new-york/eu-statement-%E2%80%93-un-general-assembly-and-ecosoc-reimagining-public%E2%80%93investor-partnerships_en,False,False,False,False,False,False,False,False,False,False,False,False,False,False,False,False,False,False,False
2025-10-06,EU Statement – UN General Assembly 2nd Committee: General Debate,https://www.eeas.europa.eu/delegations/un-new-york/eu-statement-%E2%80%93-un-general-assembly-2nd-committee-general-debate-2_en,True,False,True,True,True,True,True,True,True,True,False,False,False,False,False,True,True,True,False
2025-10-10,EU Statement – UN General Assembly 3rd Committee: Interactive Dialogue on discrimination and violence against women and girls,https://www.eeas.europa.eu/delegations/un-new-york/eu-statement-%E2%80%93-un-general-assembly-3rd-committee-interactive-dialogue-discrimination-and-violence_en,False,False,False,False,False,False,False,False,False,False,False,False,False,False,False,False,False,False,False
2025-10-09,Remarks by Ambassador Lambrinidis at the UN@80: Bridging Generations – Youth and Legacy in Multilateralism event,https://www.eeas.europa.eu/delegations/un-new-york/remarks-ambassador-lambrinidis-un80-bridging-generations-%E2%80%93-youth-and-legacy-multilateralism-event_en,False,False,False,False,False,False,False,False,False,False,False,False,False,False,False,False,False,False,False
2025-10-10,EU Statement – UN General Assembly 3rd Committee: Interactive dialogue on Older Persons,https://www.eeas.europa.eu/delegations/un-new-york/eu-statement-%E2%80%93-un-general-assembly-3rd-committee-interactive-dialogue-older-persons-1_en,False,False,False,False,False,False,False,False,False,False,False,False,False,False,False,False,False,False,False
2025-10-10,EU Statement – UN General Assembly 3rd Committee: Interactive dialogue with UN DESA,https://www.eeas.europa.eu/delegations/un-new-york/eu-statement-%E2%80%93-un-general-assembly-3rd-committee-interactive-dialogue-un-desa-0_en,False,False,False,False,False,False,False,False,False,False,False,False,False,False,False,False,False,False,False
2025-10-08,EU Statement – UN General Assembly 1st Committee: General Statement,https://www.eeas.europa.eu/delegations/un-new-york/eu-statement-%E2%80%93-un-general-assembly-1st-committee-general-statement-0_en,True,False,True,True,False,True,True,True,True,False,False,False,False,False,False,False,True,True,False
2025-10-07,UN@80: Bridging Generations - Youth and Legacy in Multilateralism,https://www.eeas.europa.eu/delegations/un-new-york/un80-bridging-generations-youth-and-legacy-multilateralism_en,False,False,False,False,False,False,False,False,False,False,False,False,False,False,False,False,False,False,False
2025-10-06,"EU Statement – UN Security Council: Open debate on Women, Peace and Security",https://www.eeas.europa.eu/delegations/un-new-york/eu-statement-%E2%80%93-un-security-council-open-debate-women-peace-and-security-0_en,True,True,True,True,False,True,True,True,True,True,False,False,False,False,False,False,False,True,False
2025-10-06,EU Statement – UN General Assembly 6th Committee: Measures to eliminate international terrorism,https://www.eeas.europa.eu/delegations/un-new-york/eu-statement-%E2%80%93-un-general-assembly-6th-committee-measures-eliminate-international-terrorism-1_en,True,False,True,True,True,False,True,True,True,True,False,False,False,True,False,False,True,True,False
2025-10-03,EU Statement – UN Peacebuilding Commission: Meeting on the Central African Republic,https://www.eeas.europa.eu/delegations/un-new-york/eu-statement-%E2%80%93-un-peacebuilding-commission-meeting-central-african-republic_en,False,False,False,False,False,False,False,False,False,False,False,False,False,False,False,False,False,False,False
2025-10-03,EU Statement – UN General Assembly 3rd Committee: General Debate,https://www.eeas.europa.eu/delegations/un-new-york/eu-statement-%E2%80%93-un-general-assembly-3rd-committee-general-debate_en,True,False,True,True,False,True,False,True,True,False,False,False,False,False,False,True,True,True,False
2025-10-01,EU Statement – UN General Assembly: Use of the veto – item 64: Special Report of the Security Council Debate pursuant to resolution 76/262,https://www.eeas.europa.eu/delegations/un-new-york/eu-statement-%E2%80%93-un-general-assembly-use-veto-%E2%80%93-item-64-special-report-security-council-debate_en,False,False,False,False,False,False,False,False,False,False,False,False,False,False,False,False,False,False,False
2025-09-25,EU Statement – UN General Assembly: High-level Plenary Meeting on the 30th anniversary of the World Programme of Action for Youth,https://www.eeas.europa.eu/delegations/un-new-york/eu-statement-%E2%80%93-un-general-assembly-high-level-plenary-meeting-30th-anniversary-world-programme_en,False,False,False,False,False,False,False,False,False,False,False,False,False,False,False,False,False,False,False
2025-09-30,EU Statement – UN General Assembly: High-level meeting on the human rights situation of Rohingya Muslims and other minorities in Myanmar,https://www.eeas.europa.eu/delegations/un-new-york/eu-statement-%E2%80%93-un-general-assembly-high-level-meeting-human-rights-situation-rohingya-muslims-and_en,True,False,True,True,False,True,True,True,True,False,True,False,False,False,False,True,True,True,False
2025-09-30,EU Statement – UN Peacebuilding Committee: Post-Transition Peace Efforts in Chad,https://www.eeas.europa.eu/delegations/un-new-york/eu-statement-%E2%80%93-un-peacebuilding-committee-post-transition-peace-efforts-chad_en,False,False,False,False,False,False,False,False,False,False,False,False,False,False,False,False,False,False,False
2025-09-16,Shaping a Water Resilient World with Water Security for All,https://www.eeas.europa.eu/delegations/un-new-york/shaping-water-resilient-world-water-security-all_en,False,False,False,False,False,False,False,False,False,False,False,False,False,False,False,False,False,False,False
2025-09-25,Speech by President of the European Council António Costa at the 80th United Nations General Assembly,https://www.eeas.europa.eu/delegations/un-new-york/speech-president-european-council-ant%C3%B3nio-costa-80th-united-nations-general-assembly_en,False,False,False,False,False,False,False,False,False,False,False,False,False,False,False,False,False,False,False
2025-09-26,EU Statement – United Nations: Annual Ministerial Meeting of Foreign Ministers of Landlocked Developing Countries,https://www.eeas.europa.eu/delegations/un-new-york/eu-statement-%E2%80%93-united-nations-annual-ministerial-meeting-foreign-ministers-landlocked-developing_en,False,False,False,False,False,False,False,False,False,False,False,False,False,False,False,False,False,False,False
2025-09-25,EU Statement – High-level Multi-stakeholder Informal Meeting to Launch the Global Dialogue on Artificial Intelligence Governance,https://www.eeas.europa.eu/delegations/un-new-york/eu-statement-%E2%80%93-high-level-multi-stakeholder-informal-meeting-launch-global-dialogue-artificial_en,False,False,False,False,False,False,False,False,False,False,False,False,False,False,False,False,False,False,False
2025-09-25,EU Statement – UN General Assembly: High-Level Meeting on Non-communicable Diseases and the Promotion of Mental Health and Well-Being,https://www.eeas.europa.eu/delegations/un-new-york/eu-statement-%E2%80%93-un-general-assembly-high-level-meeting-non-communicable-diseases-and-promotion-mental_en,False,False,False,False,False,False,False,False,False,False,False,False,False,False,False,False,False,False,False
2025-09-18,Humanitarian Diplomacy: Realising Hope in the Middle East Crises,https://www.eeas.europa.eu/delegations/un-new-york/humanitarian-diplomacy-realising-hope-middle-east-crises_en,False,False,False,False,False,False,False,False,False,False,False,False,False,False,False,False,False,False,False
2025-09-23,Speech by Commission EVP Ribera at the High-Level Solutions Dialogue on Accelerating Early Warning and Extreme Heat Solutions,https://www.eeas.europa.eu/delegations/un-new-york/speech-commission-evp-ribera-high-level-solutions-dialogue-accelerating-early-warning-and-extreme_en,False,False,False,False,False,False,False,False,False,False,False,False,False,False,False,False,False,False,False
2025-09-19,Full Speed Ahead: A Global Partnership to Eliminate Violence against Women &amp; Girls,https://www.eeas.europa.eu/delegations/un-new-york/full-speed-ahead-global-partnership-eliminate-violence-against-women-girls_en,False,False,False,False,False,False,False,False,False,False,False,False,False,False,False,False,False,False,False
2025-09-23,Ukraine: Press stake out by High Representative Kaja Kallas following the UN Security Council meeting,https://www.eeas.europa.eu/delegations/un-new-york/ukraine-press-stake-out-high-representative-kaja-kallas-following-un-security-council-meeting_en,False,False,False,False,False,False,False,False,False,False,False,False,False,False,False,False,False,False,False
2025-09-22,EU Statement by Commissioner Lahbib – UN General Assembly: High-level Meeting on the 30th anniversary of the Fourth World Conference on Women,https://www.eeas.europa.eu/delegations/un-new-york/eu-statement-commissioner-lahbib-%E2%80%93-un-general-assembly-high-level-meeting-30th-anniversary-fourth_en,False,False,False,False,False,False,False,False,False,False,False,False,False,False,False,False,False,False,False
2025-09-17,Hunger in the Crossfire. No Time To Spare. End Famine Now,https://www.eeas.europa.eu/delegations/un-new-york/hunger-crossfire-no-time-spare-end-famine-now_en,False,False,False,False,False,False,False,False,False,False,False,False,False,False,False,False,False,False,False
2025-09-18,Call to Action for the Palestinian Children in the West Bank and Gaza,https://www.eeas.europa.eu/delegations/un-new-york/call-action-palestinian-children-west-bank-and-gaza_en,False,False,False,False,False,False,False,False,False,False,False,False,False,False,False,False,False,False,False
2025-09-18,Reforming for Impact: Delivering better outcomes for people through a Fit-for-Purpose Aid system,https://www.eeas.europa.eu/delegations/un-new-york/reforming-impact-delivering-better-outcomes-people-through-fit-purpose-aid-system_en,False,False,False,False,False,False,False,False,False,False,False,False,False,False,False,False,False,False,False
2025-09-18,Time for Accountability and Justice: Rule of Law under Threat in Belarus,https://www.eeas.europa.eu/delegations/un-new-york/time-accountability-and-justice-rule-law-under-threat-belarus_en,False,False,False,False,False,False,False,False,False,False,False,False,False,False,False,False,False,False,False
2025-09-16,EU Statement – UN Ad hoc working group on UN80: First informal meeting,https://www.eeas.europa.eu/delegations/un-new-york/eu-statement-%E2%80%93-un-ad-hoc-working-group-un80-first-informal-meeting_en,True,True,True,True,False,True,True,True,True,True,False,False,False,True,False,True,True,True,False
2025-09-12,Who Rules the World? EP40 - UN USG Melissa Fleming:  UN@80 and the Importance of Multilateralism,https://www.eeas.europa.eu/delegations/un-new-york/who-rules-world-ep40-un-usg-melissa-fleming-un80-and-importance-multilateralism_en,False,False,False,False,False,False,False,False,False,False,False,False,False,False,False,False,False,False,False
2025-09-13,EU Statement – UN Security Council: Maintenance of International Peace and Security (Poland),https://www.eeas.europa.eu/delegations/un-new-york/eu-statement-%E2%80%93-un-security-council-maintenance-international-peace-and-security-poland_en,True,False,True,True,False,True,True,True,True,True,True,False,True,False,False,True,True,False,False
2025-09-09,EU Statement – UN Security Council: the Future of Peace Operations,https://www.eeas.europa.eu/delegations/un-new-york/eu-statement-%E2%80%93-un-security-council-future-peace-operations_en,True,False,True,True,True,True,True,True,True,True,False,False,False,True,False,False,False,False,False
2025-09-09,EU Statement – UN General Assembly: International Day of Clean Air for Blue Skies,https://www.eeas.europa.eu/delegations/un-new-york/eu-statement-%E2%80%93-un-general-assembly-international-day-clean-air-blue-skies-0_en,False,False,False,False,False,False,False,False,False,False,False,False,False,False,False,False,False,False,False
2026-02-11,5th African Group-EU Informal Dialogue in New York,https://www.eeas.europa.eu/delegations/un-new-york/5th-african-group-eu-informal-dialogue-new-york_en,False,False,False,False,False,False,False,False,False,False,False,False,False,False,False,False,False,False,False
2026-03-04,Call for Applications for the EU – UN Youth Delegates 2026-2027,https://www.eeas.europa.eu/delegations/un-new-york/call-applications-eu-%E2%80%93-un-youth-delegates-2026-2027_en,False,False,False,False,False,False,False,False,False,False,False,False,False,False,False,False,False,False,False
2026-03-11,Annual EU at CSW Reception brings together leading voices on gender equality,https://www.eeas.europa.eu/delegations/un-new-york/annual-eu-csw-reception-brings-together-leading-voices-gender-equality_en,False,False,False,False,False,False,False,False,False,False,False,False,False,False,False,False,False,False,False
2026-05-13,"Europe Day NYC 2026: Celebrating Unity, Culture, and Justice",https://www.eeas.europa.eu/delegations/un-new-york/europe-day-nyc-2026-celebrating-unity-culture-and-justice_en,False,False,False,False,False,False,False,False,False,False,False,False,False,False,False,False,False,False,False
2026-04-17,DELUSAN/2026/3 – New York Delegation Office Renovation – Infrastructure Coordinator,https://www.eeas.europa.eu/delegations/un-new-york/delusan20263-%E2%80%93-new-york-delegation-office-renovation-%E2%80%93-infrastructure-coordinator_en,False,False,False,False,False,False,False,False,False,False,False,False,False,False,False,False,False,False,False
2026-05-18,EEAS Vacancy: Funded traineeships for young graduates at the EU Delegation to The United Nations in New York - Multiple sections,https://www.eeas.europa.eu/delegations/un-new-york/eeas-vacancy-funded-traineeships-young-graduates-eu-delegation-united-nations-new-york-multiple_und_en,False,False,False,False,False,False,False,False,False,False,False,False,False,False,False,False,False,False,False
2026-06-05,"Office Support Agent/Receptionist, Administration Section",https://www.eeas.europa.eu/delegations/un-new-york/office-support-agentreceptionist-administration-section-0_en,False,False,False,False,False,False,False,False,False,False,False,False,False,False,False,False,False,False,False
2026-06-11,EU Statement – UN Security Council: Advancing Political Solutions in the Middle East,https://www.eeas.europa.eu/delegations/un-new-york/eu-statement-%E2%80%93-un-security-council-advancing-political-solutions-middle-east_en,True,False,False,True,False,False,True,True,True,False,False,False,False,False,False,True,False,True,False
2026-06-09,"EU Statement - Joint Executive Board of the UNDP, UNFPA, UNOPS Annual session 2026: UNOPS Segment",https://www.eeas.europa.eu/delegations/un-new-york/eu-statement-joint-executive-board-undp-unfpa-unops-annual-session-2026-unops-segment_en,False,False,False,False,False,False,False,False,False,False,False,False,False,False,False,False,False,False,False
2026-06-10,EU Statement - Executive Board of UNDP/UNFPA/UNOPS: Interactive Dialogue with UNDP Administrator,https://www.eeas.europa.eu/delegations/un-new-york/eu-statement-executive-board-undpunfpaunops-interactive-dialogue-undp-administrator-0_en,False,False,False,False,False,False,False,False,False,False,False,False,False,False,False,False,False,False,False
2026-06-12,EU Statement – UN Peacebuilding Commission: São Tomé and Príncipe,https://www.eeas.europa.eu/delegations/un-new-york/eu-statement-%E2%80%93-un-peacebuilding-commission-s%C3%A3o-tom%C3%A9-and-pr%C3%ADncipe_en,False,False,False,False,False,False,False,False,False,False,False,False,False,False,False,False,False,False,False
2026-06-15,EU Statement – UN General Assembly: Interactive dialogues with candidates for the position of Secretary-General,https://www.eeas.europa.eu/delegations/un-new-york/eu-statement-%E2%80%93-un-general-assembly-interactive-dialogues-candidates-position-secretary-general_en,False,False,False,False,False,False,False,False,False,False,False,False,False,False,False,False,False,False,False
2026-06-17,"EU Statement – UN Security Council: Women, Peace and Security, Peace is decided with women",https://www.eeas.europa.eu/delegations/un-new-york/eu-statement-%E2%80%93-un-security-council-women-peace-and-security-peace-decided-women_en,True,False,True,True,False,False,True,True,True,True,False,False,False,True,False,False,True,True,False
2026-06-18,EU Statement -- ECOSOC Humanitarian Affairs Segment General Debate,https://www.eeas.europa.eu/delegations/un-new-york/eu-statement-ecosoc-humanitarian-affairs-segment-general-debate-0_en,True,False,True,True,False,False,True,True,True,False,False,False,False,True,False,False,True,False,False
2026-06-19,EU Statement -- UNICEF Executive Board: Agenda items 2 and 3,https://www.eeas.europa.eu/delegations/un-new-york/eu-statement-unicef-executive-board-agenda-items-2-and-3_en,False,False,False,False,False,False,False,False,False,False,False,False,False,False,False,False,False,False,False
2026-06-19,"EU Statement -- UNICEF Executive Board, Agenda Item 4: Annual report on UNICEF humanitarian action",https://www.eeas.europa.eu/delegations/un-new-york/eu-statement-unicef-executive-board-agenda-item-4-annual-report-unicef-humanitarian-action_en,False,False,False,False,False,False,False,False,False,False,False,False,False,False,False,False,False,False,False
2026-06-19,"EU Statement -- UNICEF Executive Board, Agenda item 10: Update on UN80",https://www.eeas.europa.eu/delegations/un-new-york/eu-statement-unicef-executive-board-agenda-item-10-update-un80_en,False,False,False,False,False,False,False,False,False,False,False,False,False,False,False,False,False,False,False
2026-06-19,EU Statement -- International Day for the Elimination of Sexual Violence in Conflict: Conflict-Related Sexual Violence Against Children: Safeguarding Futures and Empowering Caregivers,https://www.eeas.europa.eu/delegations/un-new-york/eu-statement-international-day-elimination-sexual-violence-conflict-conflict-related-sexual-violence_en,False,False,False,False,False,False,False,False,False,False,False,False,False,False,False,False,False,False,False
2026-06-20,EU Statement -- UN General Assembly: briefing by the Special Envoy of the Secretary-General on Myanmar,https://www.eeas.europa.eu/delegations/un-new-york/eu-statement-un-general-assembly-briefing-special-envoy-secretary-general-myanmar_en,False,False,False,False,False,False,False,False,False,False,False,False,False,False,False,False,False,False,False
2026-06-22,EU Statement – UN General Assembly: 2026 High-level meeting on HIV/AIDS,https://www.eeas.europa.eu/delegations/un-new-york/eu-statement-%E2%80%93-un-general-assembly-2026-high-level-meeting-hivaids_en,False,False,False,False,False,False,False,False,False,False,False,False,False,False,False,False,False,False,False
2026-06-22,EU Statement – UN General Assembly: 2026 High-level meeting on HIV/AIDS,https://www.eeas.europa.eu/delegations/un-new-york/eu-statement-%E2%80%93-un-general-assembly-2026-high-level-meeting-hivaids-0_en,False,False,False,False,False,False,False,False,False,False,False,False,False,False,False,False,False,False,False
2026-06-22,EU Statement – UN Security Council: Ukraine,https://www.eeas.europa.eu/delegations/un-new-york/eu-statement-%E2%80%93-un-security-council-ukraine-14_en,True,False,True,True,False,True,True,True,True,True,False,False,False,False,False,False,True,True,False
2026-06-20,EU Statement – UN General Assembly: Interactive Dialogue with Co-Chairs of the Panel on Artificial Intelligence,https://www.eeas.europa.eu/delegations/un-new-york/eu-statement-%E2%80%93-un-general-assembly-interactive-dialogue-co-chairs-panel-artificial-intelligence_en,False,False,False,False,False,False,False,False,False,False,False,False,False,False,False,False,False,False,False
2026-06-22,EU Statement – 26th meeting of the Open-ended Informal Consultative Process on Oceans and the Law of the Sea: Marine ecosystem restoration,https://www.eeas.europa.eu/delegations/un-new-york/eu-statement-%E2%80%93-26th-meeting-open-ended-informal-consultative-process-oceans-and-law-sea-marine_en,False,False,False,False,False,False,False,False,False,False,False,False,False,False,False,False,False,False,False
2026-06-23,EU Explanation of Vote: UN General Assembly: 2026 Political Declaration on HIV/AIDS - United to End AIDS by 2030,https://www.eeas.europa.eu/delegations/un-new-york/eu-explanation-vote-un-general-assembly-2026-political-declaration-hivaids-united-end-aids-2030_en,False,False,False,False,False,False,False,False,False,False,False,False,False,False,False,False,False,False,False
2026-06-23,EU Statement – UN Security Council Arria-formula meeting: Bridging the Implementation Gap,https://www.eeas.europa.eu/delegations/un-new-york/eu-statement-%E2%80%93-un-security-council-arria-formula-meeting-bridging-implementation-gap_en,True,False,False,True,False,False,True,True,True,False,False,False,False,False,False,False,False,True,False
2026-06-23,EU Statement – UN Security Council meeting: Children and Armed Conflict,https://www.eeas.europa.eu/delegations/un-new-york/eu-statement-%E2%80%93-un-security-council-meeting-children-and-armed-conflict_en,True,False,True,True,False,False,True,True,True,False,False,False,False,False,False,True,True,True,False
2026-06-25,EU Statement – UN General Assembly: Joint debate on Peacebuilding,https://www.eeas.europa.eu/delegations/un-new-york/eu-statement-%E2%80%93-un-general-assembly-joint-debate-peacebuilding_en,True,False,True,True,True,False,True,True,True,False,False,False,False,True,False,False,False,True,False
2026-06-26,EU Statement – UN General Assembly: UN Charter Day,https://www.eeas.europa.eu/delegations/un-new-york/eu-statement-%E2%80%93-un-general-assembly-un-charter-day_en,True,False,True,True,True,True,True,True,True,True,True,False,False,True,False,True,True,True,False
2026-06-26,EU Statement – General Assembly: UN80 Workstream 2: Criteria and modalities,https://www.eeas.europa.eu/delegations/un-new-york/eu-statement-%E2%80%93-general-assembly-un80-workstream-2-criteria-and-modalities_en,False,False,False,False,False,False,False,False,False,False,False,False,False,False,False,False,False,False,False
2026-06-30,EU Statement – UN General Assembly: Monthly Information Briefing on the UN80 Initiative,https://www.eeas.europa.eu/delegations/un-new-york/eu-statement-%E2%80%93-un-general-assembly-monthly-information-briefing-un80-initiative_en,True,False,True,True,True,False,True,True,True,False,False,False,False,False,False,False,True,True,False
2026-06-30,EU Statement – UN General Assembly: UNRWA Pledging Conference,https://www.eeas.europa.eu/delegations/un-new-york/eu-statement-%E2%80%93-un-general-assembly-unrwa-pledging-conference-0_en,True,False,False,True,False,False,True,True,True,False,False,False,False,True,False,True,False,True,False
2026-06-26,EU Statement – UN Peacebuilding Commission: Annual Session,https://www.eeas.europa.eu/delegations/un-new-york/eu-statement-%E2%80%93-un-peacebuilding-commission-annual-session_en,False,False,False,False,False,False,False,False,False,False,False,False,False,False,False,False,False,False,False
2026-06-23,EU Statement – Joint Peacebuilding Commission-ECOSOC annual session: Advancing Social Cohesion Through Job Creation in Peacebuilding Contexts,https://www.eeas.europa.eu/delegations/un-new-york/eu-statement-%E2%80%93-joint-peacebuilding-commission-ecosoc-annual-session-advancing-social-cohesion_en,True,False,True,True,True,False,True,True,True,True,False,False,False,True,False,False,False,False,False
2026-06-30,EU Statement – UN General Assembly 5th Committee: Second Resumed Session closing session,https://www.eeas.europa.eu/delegations/un-new-york/eu-statement-%E2%80%93-un-general-assembly-5th-committee-second-resumed-session-closing-session_en,False,False,False,False,False,False,False,False,False,False,False,False,False,False,False,False,False,False,False
2026-07-01,EU Statement – UN General Assembly: 9th UN Global Counter-Terrorism Strategy Review,https://www.eeas.europa.eu/delegations/un-new-york/eu-statement-%E2%80%93-un-general-assembly-9th-un-global-counter-terrorism-strategy-review_en,True,False,True,True,True,False,True,True,True,True,False,True,True,False,False,False,True,True,False
2026-07-06,EU Statement – UN General Assembly: Responsibility to Protect and the Prevention of genocide,https://www.eeas.europa.eu/delegations/un-new-york/eu-statement-%E2%80%93-un-general-assembly-responsibility-protect-and-prevention-genocide_en,True,False,True,True,False,False,True,True,True,True,False,False,False,True,False,True,False,True,False
2026-07-07,"EU Explanation of Vote – UN General Assembly: Adoption of draft resolution on Sustainable and safe water, sanitation, hygiene, waste and electricity services in health care facilities (WASH)",https://www.eeas.europa.eu/delegations/un-new-york/eu-explanation-vote-%E2%80%93-un-general-assembly-adoption-draft-resolution-sustainable-and-safe-water_en,True,False,True,True,False,True,True,True,True,True,False,False,False,False,False,False,False,True,True
2026-07-07,EU Statement – UN General Assembly: Embargo imposed by the USA against Cuba,https://www.eeas.europa.eu/delegations/un-new-york/eu-statement-%E2%80%93-un-general-assembly-embargo-imposed-usa-against-cuba_en,True,False,False,True,False,True,False,True,True,False,False,False,True,False,False,True,False,True,True
2026-07-07,EU Statement – UN Global Dialogue on Artificial Intelligence Governance,https://www.eeas.europa.eu/delegations/un-new-york/eu-statement-%E2%80%93-un-global-dialogue-artificial-intelligence-governance_en,False,False,False,False,False,False,False,False,False,False,False,False,False,False,False,False,False,False,False
2026-07-08,EU Statement – UN High Level Political Forum: SDG 6 and interlinkages with other SDGs – Water and sanitation’,https://www.eeas.europa.eu/delegations/un-new-york/eu-statement-%E2%80%93-un-high-level-political-forum-sdg-6-and-interlinkages-other-sdgs-%E2%80%93-water-and_en,True,False,True,True,False,True,True,True,True,False,False,False,False,True,False,False,True,True,False
2026-07-08,EU Statement – UN High Level Political Forum: Sixth annual SDG 6 Special Event,https://www.eeas.europa.eu/delegations/un-new-york/eu-statement-%E2%80%93-un-high-level-political-forum-sixth-annual-sdg-6-special-event_en,False,False,False,False,False,False,False,False,False,False,False,False,False,False,False,False,False,False,False
2026-07-08,"EU Statement – UN Security Council: Open debate on Women, Peace and Security on Honouring the promise of international law to survivors of conflict-related sexual violence",https://www.eeas.europa.eu/delegations/un-new-york/eu-statement-%E2%80%93-un-security-council-open-debate-women-peace-and-security-honouring-promise_en,True,False,True,True,False,True,True,True,True,False,False,False,False,False,False,True,False,True,False
2026-07-08,EU Statement – UN High Level Political Forum: Special Ministerial Meeting on the Global plan of action for the decade of sustainable energy for all to 2030,https://www.eeas.europa.eu/delegations/un-new-york/eu-statement-%E2%80%93-un-high-level-political-forum-special-ministerial-meeting-global-plan-action-decade_en,False,False,False,False,False,False,False,False,False,False,False,False,False,False,False,False,False,False,False
2026-07-08,EU Statement – UN High Level Political Forum: SDG 7 and interlinkages with other SDGs – Affordable and clean energy,https://www.eeas.europa.eu/delegations/un-new-york/eu-statement-%E2%80%93-un-high-level-political-forum-sdg-7-and-interlinkages-other-sdgs-%E2%80%93-affordable-and_en,False,False,False,False,False,False,False,False,False,False,False,False,False,False,False,False,False,False,False
2026-07-09,"EU Statement – UN High Level Political Forum: Official meeting on SDG 9 and interlinkages with other SDGs – Industry, innovation and infrastructure",https://www.eeas.europa.eu/delegations/un-new-york/eu-statement-%E2%80%93-un-high-level-political-forum-official-meeting-sdg-9-and-interlinkages-other-sdgs-%E2%80%93_en,False,False,False,False,False,False,False,False,False,False,False,False,False,False,False,False,False,False,False
2026-07-09,"EU Statement – UN High Level Political Forum: Official meeting on Accelerating SDG achievement in African countries, Least Developed Countries (LDCs), Landlocked Developing Countries (LLDCs) and Middle-Income Countries (MICs)",https://www.eeas.europa.eu/delegations/un-new-york/eu-statement-%E2%80%93-un-high-level-political-forum-official-meeting-accelerating-sdg-achievement-african_en,False,False,False,False,False,False,False,False,False,False,False,False,False,False,False,False,False,False,False
2026-07-09,EU Statement – UN Security Council: Ukraine,https://www.eeas.europa.eu/delegations/un-new-york/eu-statement-%E2%80%93-un-security-council-ukraine-15_en,True,False,True,True,False,True,True,True,True,True,False,True,False,False,False,True,True,True,False
2026-07-09,EU Statement – UN High Level Political Forum: Official meeting on Small Island Developing States,https://www.eeas.europa.eu/delegations/un-new-york/eu-statement-%E2%80%93-un-high-level-political-forum-official-meeting-small-island-developing-states_en,False,False,False,False,False,False,False,False,False,False,False,False,False,False,False,False,False,False,False
2026-07-13,Implementing SDG6: The Role of Parliaments in Advancing International Cooperation on Water,https://www.eeas.europa.eu/delegations/un-new-york/implementing-sdg6-role-parliaments-advancing-international-cooperation-water_en,False,False,False,False,False,False,False,False,False,False,False,False,False,False,False,False,False,False,False
2026-07-10,EU Statement – UN Security Council: Briefing on Non-proliferation,https://www.eeas.europa.eu/delegations/un-new-york/eu-statement-%E2%80%93-un-security-council-briefing-non-proliferation-0_en,False,False,False,False,False,False,False,False,False,False,False,False,False,False,False,False,False,False,False
2026-07-10,EU Statement – UN High Level Political Forum: Strengthening alliances for SDG implementation: stakeholder engagement for the 2030 Agenda,https://www.eeas.europa.eu/delegations/un-new-york/eu-statement-%E2%80%93-un-high-level-political-forum-strengthening-alliances-sdg-implementation-stakeholder_en,False,False,False,False,False,False,False,False,False,False,False,False,False,False,False,False,False,False,False
2026-07-13,EU Statement – UN Arria-formula meeting: Normative gaps linking natural resources and peace: foundations and perspectives,https://www.eeas.europa.eu/delegations/un-new-york/eu-statement-%E2%80%93-un-arria-formula-meeting-normative-gaps-linking-natural-resources-and-peace_en,True,False,True,True,True,False,True,True,False,True,False,False,False,True,False,False,False,False,False
2026-07-14,EU Statement – UN General Assembly: Informal meeting on Taking Stock of the Pact for the Future,https://www.eeas.europa.eu/delegations/un-new-york/eu-statement-%E2%80%93-un-general-assembly-informal-meeting-taking-stock-pact-future_en,False,False,False,False,False,False,False,False,False,False,False,False,False,False,False,False,False,False,False
2026-07-15,EU Intervention – UN High Level Political Forum: Official side event on Youth2030 and the Pact of the Future,https://www.eeas.europa.eu/delegations/un-new-york/eu-intervention-%E2%80%93-un-high-level-political-forum-official-side-event-youth2030-and-pact-future_en,False,False,False,False,False,False,False,False,False,False,False,False,False,False,False,False,False,False,False
2026-07-15,EU Statement – UN General Assembly: Discussion on the Secretary-General&#039;s Note on the Implementation of Reporting Mandates,https://www.eeas.europa.eu/delegations/un-new-york/eu-statement-un-general-assembly-discussion-secretary-generals-note-implementation-reporting_en,False,False,False,False,False,False,False,False,False,False,False,False,False,False,False,False,False,False,False
2026-07-16,EU Explanation of Position – UN High Level Political Forum: Adoption of the Ministerial Declaration,https://www.eeas.europa.eu/delegations/un-new-york/eu-explanation-position-un-high-level-political-forum-adoption-ministerial-declaration_en,False,False,False,False,False,False,False,False,False,False,False,False,False,False,False,False,False,False,False
2026-07-16,EU Statement – UN High Level Political Forum and ECOSOC High-level Segment: Way forward to 2030,https://www.eeas.europa.eu/delegations/un-new-york/eu-statement-un-high-level-political-forum-and-ecosoc-high-level-segment-way-forward-2030_en,False,False,False,False,False,False,False,False,False,False,False,False,False,False,False,False,False,False,False
2026-07-17,EU Statement -- UN General Assembly: High-Level Meeting on the Midterm Review of the New Urban Agenda,https://www.eeas.europa.eu/delegations/un-new-york/eu-statement-un-general-assembly-high-level-meeting-midterm-review-new-urban-agenda_en,True,False,True,True,True,True,True,True,True,True,False,False,False,True,False,False,False,True,True
2026-07-20,EU Statement – UN General Assembly: Nelson Mandela International Day,https://www.eeas.europa.eu/delegations/un-new-york/eu-statement-un-general-assembly-nelson-mandela-international-day_en,True,False,True,True,True,True,True,True,True,True,False,False,False,True,False,True,False,False,True
2026-07-20,EU Statement – UN High-Level Meeting on Improving Global Road Safety,https://www.eeas.europa.eu/delegations/un-new-york/eu-statement-un-high-level-meeting-improving-global-road-safety_en,False,False,False,False,False,False,False,False,False,False,False,False,False,False,False,False,False,False,False
2026-07-21,EU Statement – UN Global Mechanism on ICTs in international security: First Substantive Session Key EU messages for Agenda item on General and stakeholders,https://www.eeas.europa.eu/delegations/un-new-york/eu-statement-un-global-mechanism-icts-international-security-first-substantive-session-key-eu_en,True,False,True,True,True,True,True,True,True,True,False,False,True,False,False,False,False,True,False
2026-07-21,EU Statement – UN Global Mechanism on ICTs in international security: First Substantive Session Key EU messages for Agenda item on Existing and Potential Threats,https://www.eeas.europa.eu/delegations/un-new-york/eu-statement-un-global-mechanism-icts-international-security-first-substantive-session-key-eu-0_en,True,False,True,True,False,True,True,True,True,True,False,False,True,False,False,False,False,True,False
2026-07-21,EU Statement – UN Security Council Arria-formula meeting: Transitional Justice and Missing Persons in the Syrian Arab Republic,https://www.eeas.europa.eu/delegations/un-new-york/eu-statement-un-security-council-arria-formula-meeting-transitional-justice-and-missing-persons_en,True,False,True,True,False,False,True,True,True,True,True,False,True,True,False,True,False,True,False
2026-07-22,EU Statement – UN Security Council: Natural resource governance,https://www.eeas.europa.eu/delegations/un-new-york/eu-statement-un-security-council-natural-resource-governance_en,True,False,True,True,True,False,True,True,True,True,False,False,False,True,False,False,False,False,False
2026-07-22,EU Statement – UN General Assembly: Informal briefing by the Head of the Independent Institution on Missing Persons in the Syrian Arab Republic,https://www.eeas.europa.eu/delegations/un-new-york/eu-statement-un-general-assembly-informal-briefing-head-independent-institution-missing-persons_en,True,False,True,True,False,False,True,True,True,True,False,False,True,True,False,True,False,True,False
2026-07-23,EU Statement – UN Security Council: Strengthening the Mechanisms for Peaceful Settlement of Disputes,https://www.eeas.europa.eu/delegations/un-new-york/eu-statement-un-security-council-strengthening-mechanisms-peaceful-settlement-disputes_en,False,False,False,False,False,False,False,False,False,False,False,False,False,False,False,False,False,False,False
2026-07-23,EU Statement – UN Global Mechanism on ICTs in international security: First Substantive Session Key EU messages for Agenda item on Capacity building,https://www.eeas.europa.eu/delegations/un-new-york/eu-statement-un-global-mechanism-icts-international-security-first-substantive-session-key-eu-1_en,True,True,True,True,True,True,True,True,True,True,False,False,True,False,False,False,False,True,False
2026-07-23,EU Statement – UN Global Mechanism on ICTs in international security: First Substantive Session Key EU messages for Agenda item on Confidence Building Measures,https://www.eeas.europa.eu/delegations/un-new-york/eu-statement-un-global-mechanism-icts-international-security-first-substantive-session-key-eu-2_en,True,True,True,True,True,True,True,True,True,True,False,False,True,False,False,False,False,True,False
2026-07-23,EU Statement – UN Global Mechanism on ICTs in international security: First Substantive Session Key EU messages for Agenda item on International Law,https://www.eeas.europa.eu/delegations/un-new-york/eu-statement-un-global-mechanism-icts-international-security-first-substantive-session-key-eu-3_en,True,False,True,True,True,True,True,True,True,True,False,False,True,False,False,False,False,True,False
2026-07-22,"EU Statement – UN Global Mechanism on ICTs in international security: First Substantive Session Key EU messages for Agenda item on Rules, norms and principles",https://www.eeas.europa.eu/delegations/un-new-york/eu-statement-un-global-mechanism-icts-international-security-first-substantive-session-key-eu-4_en,True,False,True,True,True,True,True,True,True,True,False,False,True,False,False,False,False,True,False
2026-07-24,EU Statement – UN General Assembly Interactive Dialogue: Accelerating the Global Energy Transition,https://www.eeas.europa.eu/delegations/un-new-york/eu-statement-un-general-assembly-interactive-dialogue-accelerating-global-energy-transition_en,False,False,False,False,False,False,False,False,False,False,False,False,False,False,False,False,False,False,False
2026-07-28,EU Statement – UN Security Council: Situation in the Middle East,https://www.eeas.europa.eu/delegations/un-new-york/eu-statement-un-security-council-situation-middle-east_en,True,False,False,True,False,False,False,True,True,False,False,False,False,False,False,False,False,False,False
2026-07-29,EU Statement - Monthly Information Briefing on the UN80 Initiative,https://www.eeas.europa.eu/delegations/un-new-york/eu-statement-monthly-information-briefing-un80-initiative_en,True,False,True,True,True,True,True,True,True,True,False,False,False,False,False,True,False,False,False
2026-07-24,AU and EU launch Youth Cluster in New York,https://www.eeas.europa.eu/delegations/un-new-york/au-and-eu-launch-youth-cluster-new-york_en,False,False,False,False,False,False,False,False,False,False,False,False,False,False,False,False,False,False,False
2025-11-15,EU Statement – UN Informal Ad-hoc Working Group on UN80: Mandate Implementation,https://www.eeas.europa.eu/delegations/un-new-york/eu-statement-un-informal-ad-hoc-working-group-un80-mandate-implementation_en,True,True,True,True,False,True,True,True,True,True,False,False,False,True,False,False,True,True,False
2025-12-11,EU Statement – UN General Assembly: Informal meeting on the UN80 Initiative Workstream 2,https://www.eeas.europa.eu/delegations/un-new-york/eu-statement-un-general-assembly-informal-meeting-un80-initiative-workstream-2_en,True,True,True,True,False,True,True,True,True,True,False,False,False,False,False,False,True,True,False
2026-01-19,EU Statement – UN Informal Ad-hoc Working Group on UN80: Response to the zero draft,https://www.eeas.europa.eu/delegations/un-new-york/eu-statement-un-informal-ad-hoc-working-group-un80-response-zero-draft_en,True,False,True,True,False,True,True,True,True,True,False,False,False,False,False,False,True,False,False
2026-02-28,EU Statement – UN General Assembly: Briefing on UN80 Reform and the Humanitarian Compact,https://www.eeas.europa.eu/delegations/un-new-york/eu-statement-un-general-assembly-briefing-un80-reform-and-humanitarian-compact_en,True,False,True,True,True,True,True,True,True,True,False,False,False,True,False,False,True,True,False
2026-03-04,EU Statement – UN General Assembly: UN80 Meeting on Rev.1 resolution,https://www.eeas.europa.eu/delegations/un-new-york/eu-statement-un-general-assembly-un80-meeting-rev1-resolution_en,True,False,True,True,True,True,True,True,True,False,False,False,False,True,False,True,True,False,False
2026-02-28,EU Statement – UN Informal Ad-Hoc Working Group on the UN80 Initiative: Final Meeting,https://www.eeas.europa.eu/delegations/un-new-york/eu-statement-un-informal-ad-hoc-working-group-un80-initiative-final-meeting_en,False,False,False,False,False,False,False,False,False,False,False,False,False,False,False,False,False,False,False
2026-04-29,EU Statement – UN General Assembly: Monthly Information Briefing on the UN80 Initiative (WS3),https://www.eeas.europa.eu/delegations/un-new-york/eu-statement-un-general-assembly-monthly-information-briefing-un80-initiative-ws3_en,False,False,False,False,False,False,False,False,False,False,False,False,False,False,False,False,False,False,False
2026-06-26,EU Statement – General Assembly: UN80 Workstream 2: Criteria and modalities,https://www.eeas.europa.eu/delegations/un-new-york/eu-statement-general-assembly-un80-workstream-2-criteria-and-modalities_en,False,False,False,False,False,False,False,False,False,False,False,False,False,False,False,False,False,False,False
2026-07-10,EU Statement – UN High Level Political Forum: Strengthening alliances for SDG implementation: stakeholder engagement for the 2030 Agenda,https://www.eeas.europa.eu/delegations/un-new-york/eu-statement-un-high-level-political-forum-strengthening-alliances-sdg-implementation-stakeholder_en,False,False,False,False,False,False,False,False,False,False,False,False,False,False,False,False,False,False,False
2026-07-14,EU Statement – UN General Assembly: Informal meeting on Taking Stock of the Pact for the Future,https://www.eeas.europa.eu/delegations/un-new-york/eu-statement-un-general-assembly-informal-meeting-taking-stock-pact-future_en,False,False,False,False,False,False,False,False,False,False,False,False,False,False,False,False,False,False,False
2026-07-15,EU Intervention – UN High Level Political Forum: Official side event on Youth2030 and the Pact of the Future,https://www.eeas.europa.eu/delegations/un-new-york/eu-intervention-un-high-level-political-forum-official-side-event-youth2030-and-pact-future_en,False,False,False,False,False,False,False,False,False,False,False,False,False,False,False,False,False,False,False
2026-08-07,EU Statement – UN Security Council Arria-formula meeting: Safeguarding Education in Sudan,https://www.eeas.europa.eu/delegations/un-new-york/eu-statement-un-security-council-arria-formula-meeting-safeguarding-education-sudan_en,False,False,False,False,False,False,False,False,False,False,False,False,False,False,False,False,False,False,False
2026-08-10,"EU Statement – UN Security Council Arria-formula Meeting: Prisoners of war, civilian detainees and foreign fighters, in the context of Russia’s war against Ukraine",https://www.eeas.europa.eu/delegations/un-new-york/eu-statement-un-security-council-arria-formula-meeting-prisoners-war-civilian-detainees-and-foreign_en,True,False,True,True,False,True,True,True,True,True,False,False,False,False,False,True,False,False,False
2026-08-19,EU Statement - Interactive dialogues with candidates for the position of Secretary-General,https://www.eeas.europa.eu/delegations/un-new-york/eu-statement-interactive-dialogues-candidates-position-secretary-general_en,False,False,False,False,False,False,False,False,False,False,False,False,False,False,False,False,False,False,False
2026-08-24,EU Statement -- Joint Meeting of the Executive Board of UNDP/UNFPA/UNOPS: UNFPA Segment,https://www.eeas.europa.eu/delegations/un-new-york/eu-statement-joint-meeting-executive-board-undpunfpaunops-unfpa-segment_en,False,False,False,False,False,False,False,False,False,False,False,False,False,False,False,False,False,False,False
2026-08-24,EU Statement -- UN Security Council Briefing on Ukraine,https://www.eeas.europa.eu/delegations/un-new-york/eu-statement-un-security-council-briefing-ukraine_en,True,False,True,True,False,True,True,True,True,False,False,True,False,False,False,True,True,True,False
2026-08-25,EU Statement -- UN Security Council: Ministerial Open Debate on Food Security,https://www.eeas.europa.eu/delegations/un-new-york/eu-statement-un-security-council-ministerial-open-debate-food-security_en,True,False,True,True,False,True,True,True,True,False,False,False,False,False,False,True,False,True,False
2026-08-27,EU Statement -- Joint Meeting of the Executive Board of UNDP/UNFPA/UNOPS: UNDP Segment,https://www.eeas.europa.eu/delegations/un-new-york/eu-statement-joint-meeting-executive-board-undpunfpaunops-undp-segment_en,False,False,False,False,False,False,False,False,False,False,False,False,False,False,False,False,False,False,False
2026-08-07,The UN80 Initiative,https://www.eeas.europa.eu/delegations/un-new-york/un80-initiative_en,False,False,False,False,False,False,False,False,False,False,False,False,False,False,False,False,False,False,False
2026-08-03,"Policy Assistant, Political 4 - UN Horizontal issues Section",https://www.eeas.europa.eu/delegations/un-new-york/policy-assistant-political-4-un-horizontal-issues-section_en,False,False,False,False,False,False,False,False,False,False,False,False,False,False,False,False,False,False,False
